{
    "variants": {
        "": [
        { "model": "block/cherry_leaves_1", "weight": 10 },
        { "model": "block/cherry_leaves_2", "weight": 1 },
        { "model": "block/cherry_leaves_3", "weight": 1 },
        { "model": "block/cherry_leaves_4", "weight": 1 },
        { "model": "block/cherry_leaves_5", "weight": 10 },
        { "model": "block/cherry_leaves_6", "weight": 1 },
        { "model": "block/cherry_leaves_7", "weight": 1 },
        { "model": "block/cherry_leaves_8", "weight": 1 }
        ]
    }
}
