{
    "variants": {
        "powered=false,shape=north_south": [
        { "model": "block/blood" },
        { "model": "block/blood", "y": 90 },
        { "model": "block/blood", "y": 180 },
        { "model": "block/blood", "y": 270 },
        { "model": "block/blood2" },
        { "model": "block/blood2", "y": 90 },
        { "model": "block/blood2", "y": 180 },
        { "model": "block/blood2", "y": 270 },
        { "model": "block/blood3" },
        { "model": "block/blood3", "y": 90 },
        { "model": "block/blood3", "y": 180 },
        { "model": "block/blood3", "y": 270 },
        { "model": "block/blood4" },
        { "model": "block/blood4", "y": 90 },
        { "model": "block/blood4", "y": 180 },
        { "model": "block/blood4", "y": 270 },
        { "model": "block/blood5" },
        { "model": "block/blood5", "y": 90 },
        { "model": "block/blood5", "y": 180 },
        { "model": "block/blood5", "y": 270 },
        { "model": "block/blood6" },
        { "model": "block/blood6", "y": 90 },
        { "model": "block/blood6", "y": 180 },
        { "model": "block/blood6", "y": 270 },
        { "model": "block/blood7" },
        { "model": "block/blood7", "y": 90 },
        { "model": "block/blood7", "y": 180 },
        { "model": "block/blood7", "y": 270 },
        { "model": "block/blood8" },
        { "model": "block/blood8", "y": 90 },
        { "model": "block/blood8", "y": 180 },
        { "model": "block/blood8", "y": 270 }
        ],
        "powered=false,shape=east_west": [
        { "model": "block/blood" },
        { "model": "block/blood", "y": 90 },
        { "model": "block/blood", "y": 180 },
        { "model": "block/blood", "y": 270 },
        { "model": "block/blood2" },
        { "model": "block/blood2", "y": 90 },
        { "model": "block/blood2", "y": 180 },
        { "model": "block/blood2", "y": 270 },
        { "model": "block/blood3" },
        { "model": "block/blood3", "y": 90 },
        { "model": "block/blood3", "y": 180 },
        { "model": "block/blood3", "y": 270 },
        { "model": "block/blood4" },
        { "model": "block/blood4", "y": 90 },
        { "model": "block/blood4", "y": 180 },
        { "model": "block/blood4", "y": 270 },
        { "model": "block/blood5" },
        { "model": "block/blood5", "y": 90 },
        { "model": "block/blood5", "y": 180 },
        { "model": "block/blood5", "y": 270 },
        { "model": "block/blood6" },
        { "model": "block/blood6", "y": 90 },
        { "model": "block/blood6", "y": 180 },
        { "model": "block/blood6", "y": 270 },
        { "model": "block/blood7" },
        { "model": "block/blood7", "y": 90 },
        { "model": "block/blood7", "y": 180 },
        { "model": "block/blood7", "y": 270 },
        { "model": "block/blood8" },
        { "model": "block/blood8", "y": 90 },
        { "model": "block/blood8", "y": 180 },
        { "model": "block/blood8", "y": 270 }
        ],
        "powered=false,shape=ascending_east": { "model": "block/powerline_raised", "y": 90 },
        "powered=false,shape=ascending_west": { "model": "block/powerline_raised", "y": 270 },
        "powered=false,shape=ascending_north": { "model": "block/powerline_raised" },
        "powered=false,shape=ascending_south": { "model": "block/powerline_raised", "y": 180 },
        "powered=true,shape=north_south": [
        { "model": "block/blood" },
        { "model": "block/blood", "y": 90 },
        { "model": "block/blood", "y": 180 },
        { "model": "block/blood", "y": 270 },
        { "model": "block/blood2" },
        { "model": "block/blood2", "y": 90 },
        { "model": "block/blood2", "y": 180 },
        { "model": "block/blood2", "y": 270 },
        { "model": "block/blood3" },
        { "model": "block/blood3", "y": 90 },
        { "model": "block/blood3", "y": 180 },
        { "model": "block/blood3", "y": 270 },
        { "model": "block/blood4" },
        { "model": "block/blood4", "y": 90 },
        { "model": "block/blood4", "y": 180 },
        { "model": "block/blood4", "y": 270 },
        { "model": "block/blood5" },
        { "model": "block/blood5", "y": 90 },
        { "model": "block/blood5", "y": 180 },
        { "model": "block/blood5", "y": 270 },
        { "model": "block/blood6" },
        { "model": "block/blood6", "y": 90 },
        { "model": "block/blood6", "y": 180 },
        { "model": "block/blood6", "y": 270 },
        { "model": "block/blood7" },
        { "model": "block/blood7", "y": 90 },
        { "model": "block/blood7", "y": 180 },
        { "model": "block/blood7", "y": 270 },
        { "model": "block/blood8" },
        { "model": "block/blood8", "y": 90 },
        { "model": "block/blood8", "y": 180 },
        { "model": "block/blood8", "y": 270 }
        ],
        "powered=true,shape=east_west": [
        { "model": "block/blood" },
        { "model": "block/blood", "y": 90 },
        { "model": "block/blood", "y": 180 },
        { "model": "block/blood", "y": 270 },
        { "model": "block/blood2" },
        { "model": "block/blood2", "y": 90 },
        { "model": "block/blood2", "y": 180 },
        { "model": "block/blood2", "y": 270 },
        { "model": "block/blood3" },
        { "model": "block/blood3", "y": 90 },
        { "model": "block/blood3", "y": 180 },
        { "model": "block/blood3", "y": 270 },
        { "model": "block/blood4" },
        { "model": "block/blood4", "y": 90 },
        { "model": "block/blood4", "y": 180 },
        { "model": "block/blood4", "y": 270 },
        { "model": "block/blood5" },
        { "model": "block/blood5", "y": 90 },
        { "model": "block/blood5", "y": 180 },
        { "model": "block/blood5", "y": 270 },
        { "model": "block/blood6" },
        { "model": "block/blood6", "y": 90 },
        { "model": "block/blood6", "y": 180 },
        { "model": "block/blood6", "y": 270 },
        { "model": "block/blood7" },
        { "model": "block/blood7", "y": 90 },
        { "model": "block/blood7", "y": 180 },
        { "model": "block/blood7", "y": 270 },
        { "model": "block/blood8" },
        { "model": "block/blood8", "y": 90 },
        { "model": "block/blood8", "y": 180 },
        { "model": "block/blood8", "y": 270 }
        ],
        "powered=true,shape=ascending_east": { "model": "block/activator_rail_active_raised_ne", "y": 90 },
        "powered=true,shape=ascending_west": { "model": "block/activator_rail_active_raised_sw", "y": 90 },
        "powered=true,shape=ascending_north": { "model": "block/activator_rail_active_raised_ne" },
        "powered=true,shape=ascending_south": { "model": "block/activator_rail_active_raised_sw" }
    }
}
