{
    "variants": {
        "": [
        { "model": "block/customtulip_blue", "weight": 1 },
        { "model": "block/customtulip_green", "weight": 1 },
        { "model": "block/customtulip_orange", "weight": 1 },
        { "model": "block/customtulip_pink", "weight": 1 },
        { "model": "block/customtulip_purple", "weight": 1 },
        { "model": "block/customtulip_red", "weight": 1 },
        { "model": "block/customtulip_white", "weight": 1 },
        { "model": "block/customtulip_yellow", "weight": 1 }
        ]
    }
}
