{
    "variants": {
        "facing=down":  { "model": "block/dropper_vertical2" },
        "facing=up":    { "model": "block/dropper_vertical" },
        "facing=north": [
        { "model": "block/dropper" },
        { "model": "block/dropper2" },
        { "model": "block/dropper3" }
        ],
        "facing=south": [
        { "model": "block/dropper", "y": 180 },
        { "model": "block/dropper2", "y": 180 },
        { "model": "block/dropper3", "y": 180 }
        ],
        "facing=west":  [
        { "model": "block/dropper", "y": 270 },
        { "model": "block/dropper2", "y": 270 },
        { "model": "block/dropper3", "y": 270 }
        ],
        "facing=east":  [
        { "model": "block/dropper", "y": 90 },
        { "model": "block/dropper2", "y": 90 },
        { "model": "block/dropper3", "y": 90 }
        ]
    }
}
