{
    "variants": {
        "eye=false,facing=south": { "model": "block/end_portal_frame_right", "y": 90 },
        "eye=false,facing=west": { "model": "block/end_portal_frame_right", "y": 180 },
        "eye=false,facing=north": { "model": "block/end_portal_frame_left", "y": 90 },
        "eye=false,facing=east": { "model": "block/end_portal_frame_left", "y": 180 },
        "eye=true,facing=south": { "model": "block/end_portal_frame_filled" },
        "eye=true,facing=west": { "model": "block/end_portal_frame_filled2" },
        "eye=true,facing=north": { "model": "block/end_portal_frame_filled3" },
        "eye=true,facing=east": { "model": "block/end_portal_frame_filled4" }
    }
}
