{
    "variants": {
        "": [
        { "model": "block/tall_grass", "weight": 1 },
        { "model": "block/tall_grass2", "weight": 1 },
        { "model": "block/tall_grass3", "weight": 1 },
        { "model": "block/tall_grass4", "weight": 1 },
        { "model": "block/tall_grass5", "weight": 1 },
        { "model": "block/tall_grass6", "weight": 1 },
        { "model": "block/tall_grass7", "weight": 1 },
        { "model": "block/tall_grass8", "weight": 1 },
        { "model": "block/tall_grass9", "weight": 1 },
        { "model": "block/tall_grass10", "weight": 1 },
        { "model": "block/tall_grass11", "weight": 1 },
        { "model": "block/tall_grass12", "weight": 1 },
        { "model": "block/tall_grass13", "weight": 1 },
        { "model": "block/tall_grass14", "weight": 1 },
        { "model": "block/tall_grass15", "weight": 1 }
        ]
    }
}
