{
    "variants": {
        "": [
            { "model": "block/netherrack" },
            { "model": "block/netherrack", "x": 90 },
            { "model": "block/netherrack", "x": 180 },
            { "model": "block/netherrack", "x": 270 },
            { "model": "block/netherrack2" },
            { "model": "block/netherrack2", "x": 90 },
            { "model": "block/netherrack2", "x": 180 },
            { "model": "block/netherrack2", "x": 270 },
            { "model": "block/netherrack3" },
            { "model": "block/netherrack3", "x": 90 },
            { "model": "block/netherrack3", "x": 180 },
            { "model": "block/netherrack3", "x": 270 },
            { "model": "block/netherrack4" },
            { "model": "block/netherrack4", "x": 90 },
            { "model": "block/netherrack4", "x": 180 },
            { "model": "block/netherrack4", "x": 270 }
        ]
    }
}
