{
    "variants": {
        "shape=north_south": [
        { "model": "block/paper" },
        { "model": "block/paper", "y": 90 },
        { "model": "block/paper", "y": 180 },
        { "model": "block/paper", "y": 270 },
        { "model": "block/paper2" },
        { "model": "block/paper2", "y": 90 },
        { "model": "block/paper2", "y": 180 },
        { "model": "block/paper2", "y": 270 },
        { "model": "block/paper3" },
        { "model": "block/paper3", "y": 90 },
        { "model": "block/paper3", "y": 180 },
        { "model": "block/paper3", "y": 270 },
        { "model": "block/paper4" },
        { "model": "block/paper4", "y": 90 },
        { "model": "block/paper4", "y": 180 },
        { "model": "block/paper4", "y": 270 },
        { "model": "block/paper5" },
        { "model": "block/paper5", "y": 90 },
        { "model": "block/paper5", "y": 180 },
        { "model": "block/paper5", "y": 270 },
        { "model": "block/paper6" },
        { "model": "block/paper6", "y": 90 },
        { "model": "block/paper6", "y": 180 },
        { "model": "block/paper6", "y": 270 },
        { "model": "block/paper7" },
        { "model": "block/paper7", "y": 90 },
        { "model": "block/paper7", "y": 180 },
        { "model": "block/paper7", "y": 270 },
        { "model": "block/paper8" },
        { "model": "block/paper8", "y": 90 },
        { "model": "block/paper8", "y": 180 },
        { "model": "block/paper8", "y": 270 }
        ],
        "shape=east_west": [
        { "model": "block/paper" },
        { "model": "block/paper", "y": 90 },
        { "model": "block/paper", "y": 180 },
        { "model": "block/paper", "y": 270 },
        { "model": "block/paper2" },
        { "model": "block/paper2", "y": 90 },
        { "model": "block/paper2", "y": 180 },
        { "model": "block/paper2", "y": 270 },
        { "model": "block/paper3" },
        { "model": "block/paper3", "y": 90 },
        { "model": "block/paper3", "y": 180 },
        { "model": "block/paper3", "y": 270 },
        { "model": "block/paper4" },
        { "model": "block/paper4", "y": 90 },
        { "model": "block/paper4", "y": 180 },
        { "model": "block/paper4", "y": 270 },
        { "model": "block/paper5" },
        { "model": "block/paper5", "y": 90 },
        { "model": "block/paper5", "y": 180 },
        { "model": "block/paper5", "y": 270 },
        { "model": "block/paper6" },
        { "model": "block/paper6", "y": 90 },
        { "model": "block/paper6", "y": 180 },
        { "model": "block/paper6", "y": 270 },
        { "model": "block/paper7" },
        { "model": "block/paper7", "y": 90 },
        { "model": "block/paper7", "y": 180 },
        { "model": "block/paper7", "y": 270 },
        { "model": "block/paper8" },
        { "model": "block/paper8", "y": 90 },
        { "model": "block/paper8", "y": 180 },
        { "model": "block/paper8", "y": 270 }
        ],
        "shape=ascending_east": { "model": "block/powerline_vertical", "y": 90 },
        "shape=ascending_west": { "model": "block/powerline_vertical", "y": 270 },
        "shape=ascending_north": { "model": "block/powerline_vertical" },
        "shape=ascending_south": { "model": "block/powerline_vertical", "y": 180 },
        "shape=south_east": { "model": "block/rail_curved" },
        "shape=south_west": { "model": "block/rail_curved", "y": 90 },
        "shape=north_west": { "model": "block/rail_curved", "y": 180 },
        "shape=north_east": { "model": "block/rail_curved", "y": 270 }
    }
}
