{
    "variants": {
        "extended=false,facing=down": { "model": "block/piston_sticky_1" },
        "extended=false,facing=up": { "model": "block/piston_sticky_2" },
        "extended=false,facing=north": { "model": "block/piston_sticky_1", "x": 90 },
        "extended=false,facing=south": { "model": "block/piston_sticky_2", "x": 90 },
        "extended=false,facing=west": { "model": "block/piston_sticky_1", "x": 90, "y": 90 },
        "extended=false,facing=east": { "model": "block/piston_sticky_2", "x": 90, "y": 90 },
        "extended=true,facing=down": { "model": "block/piston_extended_normal", "x": 90 },
        "extended=true,facing=up": { "model": "block/piston_extended_normal", "x": 270 },
        "extended=true,facing=north": { "model": "block/piston_extended_normal" },
        "extended=true,facing=south": { "model": "block/piston_extended_normal", "y": 180 },
        "extended=true,facing=west": { "model": "block/piston_extended_normal", "y": 270 },
        "extended=true,facing=east": { "model": "block/piston_extended_normal", "y": 90 }
    }
}
