{
    "variants": {
        "half=lower": [
        { "model": "block/double_sunflower" },
        { "model": "block/double_sunflower", "y": 90 },
        { "model": "block/double_sunflower", "y": 180 },
        { "model": "block/double_sunflower", "y": 270 },
        { "model": "block/double_sunflower2" },
        { "model": "block/double_sunflower2", "y": 90 },
        { "model": "block/double_sunflower2", "y": 180 },
        { "model": "block/double_sunflower2", "y": 270 }
        ],
        "half=upper":    { "model": "block/none" }
    }
}
