{
    "variants": {
        "": [
        { "model": "block/pebbles", "weight": 1 },
        { "model": "block/pebbles-90", "weight": 1 },
        { "model": "block/pebbles-180", "weight": 1 },
        { "model": "block/pebbles-270", "weight": 1 },
        { "model": "block/pebbles2", "weight": 1 },
        { "model": "block/pebbles2-90", "weight": 1 },
        { "model": "block/pebbles2-180", "weight": 1 },
        { "model": "block/pebbles2-270", "weight": 1 },
        { "model": "block/pebbles3", "weight": 1 },
        { "model": "block/pebbles3-90", "weight": 1 },
        { "model": "block/pebbles3-180", "weight": 1 },
        { "model": "block/pebbles3-270", "weight": 1 }
        ]
    }
}