{
	"ambientocclusion": false,
	"textures": {
		"particle": "blocks/door_acacia_upper",
		"texture": "blocks/door_acacia_upper",
		"extra": "blocks/door_acacia"
	},
	"elements": [ 	 
		{
			"from": [ 0, 0, 0 ],
			"to": [ 3, 16, 1 ],
			"faces": {
				"up": { "uv": [ 0, 0, 3, 1 ], "texture": "#extra", "cullface": "up" },
				"north": { "uv": [ 0, 0, 3, 16 ], "texture": "#extra", "cullface": "north" },
				"south": { "uv": [ 0, 0, 3, 16 ], "texture": "#extra" },
				"west": { "uv": [ 0, 0, 1, 16 ], "texture": "#texture", "cullface": "west" },
				"east": { "uv": [ 1, 0, 0, 16 ], "texture": "#texture" }
			}
		},
		{
			"from": [ 0, 0, 15 ],
			"to": [ 3, 16, 16 ],
			"faces": {
				"up": { "uv": [ 0, 15, 3, 16 ], "texture": "#extra", "cullface": "up" },
				"south": { "uv": [ 0, 0, 3, 16 ], "texture": "#extra", "cullface": "south" },
				"west": { "uv": [ 15, 0, 16, 16 ], "texture": "#texture", "cullface": "west" },
				"east": { "uv": [ 16, 0, 15, 16 ], "texture": "#texture" }
			}
		},
		{
			"from": [ 0, 15, 1 ],
			"to": [ 3, 16, 15 ],
			"faces": {
				"down": { "uv": [ 0, 15, 3, 1 ], "texture": "#extra" },
				"up": { "uv": [ 0, 1, 3, 15 ], "texture": "#extra", "cullface": "up" },
				"west": { "uv": [ 1, 0, 15, 1 ], "texture": "#texture", "cullface": "west" },
				"east": { "uv": [ 15, 0, 1, 1 ], "texture": "#texture" }
			}
		},
		{
			"from": [ 0, 0, 13 ],
			"to": [ 14, 15, 15 ],
			"faces": {
				"up": { "uv": [ 6, 1, 8, 15 ], "texture": "#extra", "rotation": 270 },
				"north": { "uv": [ 15, 1, 1, 16 ], "texture": "#texture" },
				"south": { "uv": [ 1, 1, 15, 16 ], "texture": "#texture" },
				"west": { "uv": [ 3.5, 0.999999, 5.5, 16 ], "texture": "#extra", "cullface": "west" },
				"east": { "uv": [ 3.5, 1, 5.5, 16 ], "texture": "#extra" }
			}
		}
	]
}