{
	"ambientocclusion": false,
	"textures": {
		"particle": "blocks/door_acacia_upper",
		"texture": "blocks/door_acacia_upper",
		"extra": "blocks/door_acacia"
	},
	"elements": [ 	 
		{
			"from": [ 0, 0, 0 ],
			"to": [ 3, 16, 16 ],
			"faces": {
				"up": { "uv": [ 0, 0, 3, 16 ], "texture": "#extra", "cullface": "up" },
				"north": { "uv": [ 0, 0, 3, 16 ], "texture": "#extra", "cullface": "north" },
				"south": { "uv": [ 0, 0, 3, 16 ], "texture": "#extra", "cullface": "south" },
				"west": { "uv": [ 0, 0, 16, 16 ], "texture": "#texture", "cullface": "west" },
				"east": { "uv": [ 16, 0, 0, 16 ], "texture": "#texture" }
			}
		}
	]
}