{
	"ambientocclusion": false,
	"textures": {
		"particle": "blocks/door_acacia_lower",
		"texture": "blocks/door_acacia_lower",
		"extra": "blocks/door_acacia"
	},
	"elements": [ 	 
		{
			"from": [ 0, 0, 0 ],
			"to": [ 3, 16, 1 ],
			"faces": {
				"down": { "uv": [ 16, 0, 13, 1 ], "texture": "#extra", "cullface": "down" },
				"north": { "uv": [ 13, 0, 16, 16 ], "texture": "#extra", "cullface": "north" },
				"south": { "uv": [ 13, 0, 16, 16 ], "texture": "#extra" },
				"west": { "uv": [ 0, 0, 1, 16 ], "texture": "#texture", "cullface": "west" },
				"east": { "uv": [ 1, 0, 0, 16 ], "texture": "#texture" }
			}
		},
		{
			"from": [ 0, 0, 15 ],
			"to": [ 3, 16, 16 ],
			"faces": {
				"down": { "uv": [ 16, 15, 13, 16 ], "texture": "#extra", "cullface": "down" },
				"south": { "uv": [ 13, 0, 16, 16 ], "texture": "#extra", "cullface": "south" },
				"west": { "uv": [ 15, 0, 16, 16 ], "texture": "#texture", "cullface": "west" },
				"east": { "uv": [ 16, 0, 15, 16 ], "texture": "#texture" }
			}
		},
		{
			"from": [ 0, 0, 1 ],
			"to": [ 3, 1, 15 ],
			"faces": {
				"down": { "uv": [ 13, 15, 16, 1 ], "texture": "#extra", "cullface": "down" },
				"up": { "uv": [ 13, 1, 16, 15 ], "texture": "#extra" },
				"west": { "uv": [ 1, 15, 15, 16 ], "texture": "#texture", "cullface": "west" },
				"east": { "uv": [ 15, 15, 1, 16 ], "texture": "#texture" }
			}
		},
		{
			"from": [ 0, 1, 13 ],
			"to": [ 14, 16, 15 ],
			"faces": {
				"down": { "uv": [ 8, 1, 10, 15 ], "texture": "#extra", "rotation": 90 },
				"north": { "uv": [ 15, 0, 1, 15 ], "texture": "#texture" },
				"south": { "uv": [ 1, 0, 15, 15 ], "texture": "#texture" },
				"west": { "uv": [ 10.5, 0, 12.5, 15 ], "texture": "#extra", "cullface": "west" },
				"east": { "uv": [ 10.5, 0, 12.5, 15 ], "texture": "#extra" }
			}
		}
	]
}