{"__comment":"Designed by Ignitingice with BDcraft Cubik PRO 0.93 Beta - http://bdcraft.net","ambientocclusion":false,"textures":{"particle":"blocks/rail_activator_powered","texture":"blocks/rail_activator_powered","quartz_block_top":"blocks/quartz_block_top"},"elements":[{"__comment":"Panel","from":[0,15,0.625],"to":[16,16.5,23.255],"rotation":{"origin":[0,16.5,0.625],"axis":"x","angle":45},"faces":{"down":{"uv":[0,16,16,0],"rotation":180,"texture":"#quartz_block_top"},"up":{"uv":[0,0,16,16],"rotation":180,"texture":"#texture"},"north":{"uv":[0,16,16,15.5],"texture":"#texture"},"south":{"uv":[16,0,0,0.5],"texture":"#texture"},"west":{"uv":[16,0,15.5,16],"rotation":90,"texture":"#texture"},"east":{"uv":[0,0,0.5,16],"rotation":270,"texture":"#texture"}}}]}