{"__comment":"Designed_by_Ignitingice_with_BDcraft_Cubik_PRO_0.93_Beta_-_http://bdcraft.net","ambientocclusion":false,"textures":{"particle":"block/activator_rail_on","texture":"block/activator_rail_on","quartz_block_top":"block/quartz_block_top"},"elements":[{"__comment":"Panel","from":[0,15,0.625],"to":[16,16.5,23.255],"rotation":{"origin":[0,16.5,0.625],"axis":"x","angle":45},"faces":{"down":{"uv":[0,16,16,0],"rotation":180,"texture":"#quartz_block_top"},"up":{"uv":[0,0,16,16],"rotation":180,"texture":"#texture"},"north":{"uv":[0,16,16,15.5],"texture":"#texture"},"south":{"uv":[16,0,0,0.5],"texture":"#texture"},"west":{"uv":[16,0,15.5,16],"rotation":90,"texture":"#texture"},"east":{"uv":[0,0,0.5,16],"rotation":270,"texture":"#texture"}}}]}