{"__comment":"Designed_by_Ignitingice_with_BDcraft_Cubik_PRO_0.93_Beta_-_http://bdcraft.net","ambientocclusion":false,"textures":{"particle":"block/activator_rail","texture":"block/activator_rail"},"elements":[{"from":[1.25,0,8.25],"to":[3,0.25,8.75],"faces":{"down":{"uv":[1.25,8.75,3,8.25],"texture":"#texture"},"up":{"uv":[1.25,8.25,3,8.75],"texture":"#texture"},"north":{"uv":[3,8.25,1.25,8.5],"texture":"#texture"},"south":{"uv":[1.25,8.75,3,8.5],"texture":"#texture"},"west":{"uv":[1.25,8.25,1.5,8.75],"texture":"#texture","rotation":270},"east":{"uv":[3,8.25,2.75,8.75],"texture":"#texture","rotation":90}}},{"from":[1.75,0,5.25],"to":[2,0.25,5.5],"faces":{"down":{"uv":[1.75,5.5,2,5.25],"texture":"#texture"},"up":{"uv":[1.75,5.25,2,5.5],"texture":"#texture"},"north":{"uv":[2,5.25,1.75,5.5],"texture":"#texture"},"south":{"uv":[1.75,5.5,2,5.25],"texture":"#texture"},"west":{"uv":[1.75,5.25,2,5.5],"texture":"#texture","rotation":270},"east":{"uv":[2,5.25,1.75,5.5],"texture":"#texture","rotation":90}}},{"from":[1.75,0,6.25],"to":[2.5,0.25,6.5],"faces":{"down":{"uv":[1.75,6.5,2.5,6.25],"texture":"#texture"},"up":{"uv":[1.75,6.25,2.5,6.5],"texture":"#texture"},"north":{"uv":[2.5,6.25,1.75,6.5],"texture":"#texture"},"south":{"uv":[1.75,6.5,2.5,6.25],"texture":"#texture"},"west":{"uv":[1.75,6.25,2,6.5],"texture":"#texture","rotation":270},"east":{"uv":[2.5,6.25,2.25,6.5],"texture":"#texture","rotation":90}}},{"from":[1.75,0,8],"to":[2.5,0.25,8.25],"faces":{"down":{"uv":[1.75,8.25,2.5,8],"texture":"#texture"},"up":{"uv":[1.75,8,2.5,8.25],"texture":"#texture"},"north":{"uv":[2.5,8,1.75,8.25],"texture":"#texture"},"west":{"uv":[1.75,8,2,8.25],"texture":"#texture","rotation":270},"east":{"uv":[2.5,8,2.25,8.25],"texture":"#texture","rotation":90}}},{"from":[1.75,0,9.75],"to":[2.25,0.25,10],"faces":{"down":{"uv":[1.75,10,2.25,9.75],"texture":"#texture"},"up":{"uv":[1.75,9.75,2.25,10],"texture":"#texture"},"north":{"uv":[2.25,9.75,1.75,10],"texture":"#texture"},"south":{"uv":[1.75,10,2.25,9.75],"texture":"#texture"},"west":{"uv":[1.75,9.75,2,10],"texture":"#texture","rotation":270},"east":{"uv":[2.25,9.75,2,10],"texture":"#texture","rotation":90}}},{"from":[2,0,4.25],"to":[2.25,0.25,4.5],"faces":{"down":{"uv":[2,4.5,2.25,4.25],"texture":"#texture"},"up":{"uv":[2,4.25,2.25,4.5],"texture":"#texture"},"north":{"uv":[2.25,4.25,2,4.5],"texture":"#texture"},"south":{"uv":[2,4.5,2.25,4.25],"texture":"#texture"},"west":{"uv":[2,4.25,2.25,4.5],"texture":"#texture","rotation":270},"east":{"uv":[2.25,4.25,2,4.5],"texture":"#texture","rotation":90}}},{"from":[2,0,8.75],"to":[11,0.25,9],"faces":{"down":{"uv":[2,9,11,8.75],"texture":"#texture"},"up":{"uv":[2,8.75,11,9],"texture":"#texture"},"north":{"uv":[11,8.75,2,9],"texture":"#texture"},"south":{"uv":[2,9,11,8.75],"texture":"#texture"},"west":{"uv":[2,8.75,2.25,9],"texture":"#texture","rotation":270},"east":{"uv":[11,8.75,10.75,9],"texture":"#texture","rotation":90}}},{"from":[2.25,0,4.5],"to":[2.75,0.25,4.75],"faces":{"down":{"uv":[2.25,4.75,2.75,4.5],"texture":"#texture"},"up":{"uv":[2.25,4.5,2.75,4.75],"texture":"#texture"},"north":{"uv":[2.75,4.5,2.25,4.75],"texture":"#texture"},"south":{"uv":[2.25,4.75,2.75,4.5],"texture":"#texture"},"west":{"uv":[2.25,4.5,2.5,4.75],"texture":"#texture","rotation":270},"east":{"uv":[2.75,4.5,2.5,4.75],"texture":"#texture","rotation":90}}},{"from":[2.25,0,5.75],"to":[10.5,0.25,6.25],"faces":{"down":{"uv":[2.25,6.25,10.5,5.75],"texture":"#texture"},"up":{"uv":[2.25,5.75,10.5,6.25],"texture":"#texture"},"north":{"uv":[10.5,5.75,2.25,6],"texture":"#texture"},"south":{"uv":[2.25,6.25,10.5,6],"texture":"#texture"},"west":{"uv":[2.25,5.75,2.5,6.25],"texture":"#texture","rotation":270},"east":{"uv":[10.5,5.75,10.25,6.25],"texture":"#texture","rotation":90}}},{"from":[2.25,0,6.5],"to":[10.5,0.25,6.75],"faces":{"down":{"uv":[2.25,6.75,10.5,6.5],"texture":"#texture"},"up":{"uv":[2.25,6.5,10.5,6.75],"texture":"#texture"},"north":{"uv":[10.5,6.5,2.25,6.75],"texture":"#texture"},"south":{"uv":[2.25,6.75,10.5,6.5],"texture":"#texture"},"west":{"uv":[2.25,6.5,2.5,6.75],"texture":"#texture","rotation":270},"east":{"uv":[10.5,6.5,10.25,6.75],"texture":"#texture","rotation":90}}},{"from":[2.25,0,10],"to":[2.75,0.25,10.25],"faces":{"down":{"uv":[2.25,10.25,2.75,10],"texture":"#texture"},"up":{"uv":[2.25,10,2.75,10.25],"texture":"#texture"},"north":{"uv":[2.75,10,2.25,10.25],"texture":"#texture"},"south":{"uv":[2.25,10.25,2.75,10],"texture":"#texture"},"west":{"uv":[2.25,10,2.5,10.25],"texture":"#texture","rotation":270},"east":{"uv":[2.75,10,2.5,10.25],"texture":"#texture","rotation":90}}},{"from":[2.25,0,15],"to":[2.75,0.25,15.5],"faces":{"down":{"uv":[2.25,15.5,2.75,15],"texture":"#texture"},"up":{"uv":[2.25,15,2.75,15.5],"texture":"#texture"},"north":{"uv":[2.75,15,2.25,15.25],"texture":"#texture"},"south":{"uv":[2.25,15.5,2.75,15.25],"texture":"#texture"},"west":{"uv":[2.25,15,2.5,15.5],"texture":"#texture","rotation":270},"east":{"uv":[2.75,15,2.5,15.5],"texture":"#texture","rotation":90}}},{"from":[2.5,0,4.75],"to":[2.75,0.25,5],"faces":{"down":{"uv":[2.5,5,2.75,4.75],"texture":"#texture"},"up":{"uv":[2.5,4.75,2.75,5],"texture":"#texture"},"south":{"uv":[2.5,5,2.75,4.75],"texture":"#texture"},"west":{"uv":[2.5,4.75,2.75,5],"texture":"#texture","rotation":270},"east":{"uv":[2.75,4.75,2.5,5],"texture":"#texture","rotation":90}}},{"from":[2.5,0,5.25],"to":[3,0.25,5.75],"faces":{"down":{"uv":[2.5,5.75,3,5.25],"texture":"#texture"},"up":{"uv":[2.5,5.25,3,5.75],"texture":"#texture"},"north":{"uv":[3,5.25,2.5,5.5],"texture":"#texture"},"west":{"uv":[2.5,5.25,2.75,5.75],"texture":"#texture","rotation":270},"east":{"uv":[3,5.25,2.75,5.75],"texture":"#texture","rotation":90}}},{"from":[2.5,0,6.75],"to":[4.5,0.25,7.25],"faces":{"down":{"uv":[2.5,7.25,4.5,6.75],"texture":"#texture"},"up":{"uv":[2.5,6.75,4.5,7.25],"texture":"#texture"},"south":{"uv":[2.5,7.25,4.5,7],"texture":"#texture"},"west":{"uv":[2.5,6.75,2.75,7.25],"texture":"#texture","rotation":270},"east":{"uv":[4.5,6.75,4.25,7.25],"texture":"#texture","rotation":90}}},{"from":[2.5,0,9.25],"to":[11,0.25,9.5],"faces":{"down":{"uv":[2.5,9.5,11,9.25],"texture":"#texture"},"up":{"uv":[2.5,9.25,11,9.5],"texture":"#texture"},"north":{"uv":[11,9.25,2.5,9.5],"texture":"#texture"},"south":{"uv":[2.5,9.5,11,9.25],"texture":"#texture"},"west":{"uv":[2.5,9.25,2.75,9.5],"texture":"#texture","rotation":270},"east":{"uv":[11,9.25,10.75,9.5],"texture":"#texture","rotation":90}}},{"from":[2.5,0,9.75],"to":[2.75,0.25,10],"faces":{"down":{"uv":[2.5,10,2.75,9.75],"texture":"#texture"},"up":{"uv":[2.5,9.75,2.75,10],"texture":"#texture"},"north":{"uv":[2.75,9.75,2.5,10],"texture":"#texture"},"west":{"uv":[2.5,9.75,2.75,10],"texture":"#texture","rotation":270},"east":{"uv":[2.75,9.75,2.5,10],"texture":"#texture","rotation":90}}},{"from":[2.5,0,11],"to":[2.75,0.25,11.25],"faces":{"down":{"uv":[2.5,11.25,2.75,11],"texture":"#texture"},"up":{"uv":[2.5,11,2.75,11.25],"texture":"#texture"},"north":{"uv":[2.75,11,2.5,11.25],"texture":"#texture"},"south":{"uv":[2.5,11.25,2.75,11],"texture":"#texture"},"west":{"uv":[2.5,11,2.75,11.25],"texture":"#texture","rotation":270},"east":{"uv":[2.75,11,2.5,11.25],"texture":"#texture","rotation":90}}},{"from":[2.5,0,13.5],"to":[3,0.25,13.75],"faces":{"down":{"uv":[2.5,13.75,3,13.5],"texture":"#texture"},"up":{"uv":[2.5,13.5,3,13.75],"texture":"#texture"},"north":{"uv":[3,13.5,2.5,13.75],"texture":"#texture"},"south":{"uv":[2.5,13.75,3,13.5],"texture":"#texture"},"west":{"uv":[2.5,13.5,2.75,13.75],"texture":"#texture","rotation":270},"east":{"uv":[3,13.5,2.75,13.75],"texture":"#texture","rotation":90}}},{"from":[2.75,0,3.5],"to":[3.25,0.25,4],"faces":{"down":{"uv":[2.75,4,3.25,3.5],"texture":"#texture"},"up":{"uv":[2.75,3.5,3.25,4],"texture":"#texture"},"north":{"uv":[3.25,3.5,2.75,3.75],"texture":"#texture"},"south":{"uv":[2.75,4,3.25,3.75],"texture":"#texture"},"west":{"uv":[2.75,3.5,3,4],"texture":"#texture","rotation":270},"east":{"uv":[3.25,3.5,3,4],"texture":"#texture","rotation":90}}},{"from":[2.75,0,6.25],"to":[10.5,0.25,6.5],"faces":{"down":{"uv":[2.75,6.5,10.5,6.25],"texture":"#texture"},"up":{"uv":[2.75,6.25,10.5,6.5],"texture":"#texture"},"west":{"uv":[2.75,6.25,3,6.5],"texture":"#texture","rotation":270},"east":{"uv":[10.5,6.25,10.25,6.5],"texture":"#texture","rotation":90}}},{"from":[2.75,0,7.25],"to":[3.5,0.25,7.75],"faces":{"down":{"uv":[2.75,7.75,3.5,7.25],"texture":"#texture"},"up":{"uv":[2.75,7.25,3.5,7.75],"texture":"#texture"},"south":{"uv":[2.75,7.75,3.5,7.5],"texture":"#texture"},"west":{"uv":[2.75,7.25,3,7.75],"texture":"#texture","rotation":270},"east":{"uv":[3.5,7.25,3.25,7.75],"texture":"#texture","rotation":90}}},{"from":[2.75,0,9],"to":[11,0.25,9.25],"faces":{"down":{"uv":[2.75,9.25,11,9],"texture":"#texture"},"up":{"uv":[2.75,9,11,9.25],"texture":"#texture"},"west":{"uv":[2.75,9,3,9.25],"texture":"#texture","rotation":270},"east":{"uv":[11,9,10.75,9.25],"texture":"#texture","rotation":90}}},{"from":[2.75,0,9.5],"to":[11,0.25,9.75],"faces":{"down":{"uv":[2.75,9.75,11,9.5],"texture":"#texture"},"up":{"uv":[2.75,9.5,11,9.75],"texture":"#texture"},"south":{"uv":[2.75,9.75,11,9.5],"texture":"#texture"},"west":{"uv":[2.75,9.5,3,9.75],"texture":"#texture","rotation":270},"east":{"uv":[11,9.5,10.75,9.75],"texture":"#texture","rotation":90}}},{"from":[2.75,0,13.75],"to":[3.5,0.25,14.25],"faces":{"down":{"uv":[2.75,14.25,3.5,13.75],"texture":"#texture"},"up":{"uv":[2.75,13.75,3.5,14.25],"texture":"#texture"},"north":{"uv":[3.5,13.75,2.75,14],"texture":"#texture"},"south":{"uv":[2.75,14.25,3.5,14],"texture":"#texture"},"west":{"uv":[2.75,13.75,3,14.25],"texture":"#texture","rotation":270},"east":{"uv":[3.5,13.75,3.25,14.25],"texture":"#texture","rotation":90}}},{"from":[3,0,5.5],"to":[3.75,0.25,5.75],"faces":{"down":{"uv":[3,5.75,3.75,5.5],"texture":"#texture"},"up":{"uv":[3,5.5,3.75,5.75],"texture":"#texture"},"north":{"uv":[3.75,5.5,3,5.75],"texture":"#texture"},"east":{"uv":[3.75,5.5,3.5,5.75],"texture":"#texture","rotation":90}}},{"from":[3,0,7.75],"to":[10.25,0.25,8],"faces":{"down":{"uv":[3,8,10.25,7.75],"texture":"#texture"},"up":{"uv":[3,7.75,10.25,8],"texture":"#texture"},"north":{"uv":[10.25,7.75,3,8],"texture":"#texture"},"south":{"uv":[3,8,10.25,7.75],"texture":"#texture"},"west":{"uv":[3,7.75,3.25,8],"texture":"#texture","rotation":270},"east":{"uv":[10.25,7.75,10,8],"texture":"#texture","rotation":90}}},{"from":[3,0,8.5],"to":[11,0.25,8.75],"faces":{"down":{"uv":[3,8.75,11,8.5],"texture":"#texture"},"up":{"uv":[3,8.5,11,8.75],"texture":"#texture"},"north":{"uv":[11,8.5,3,8.75],"texture":"#texture"},"east":{"uv":[11,8.5,10.75,8.75],"texture":"#texture","rotation":90}}},{"from":[3,0,9.75],"to":[11,0.25,10],"faces":{"down":{"uv":[3,10,11,9.75],"texture":"#texture"},"up":{"uv":[3,9.75,11,10],"texture":"#texture"},"south":{"uv":[3,10,11,9.75],"texture":"#texture"},"west":{"uv":[3,9.75,3.25,10],"texture":"#texture","rotation":270},"east":{"uv":[11,9.75,10.75,10],"texture":"#texture","rotation":90}}},{"from":[3,0,11.25],"to":[3.25,0.25,11.5],"faces":{"down":{"uv":[3,11.5,3.25,11.25],"texture":"#texture"},"up":{"uv":[3,11.25,3.25,11.5],"texture":"#texture"},"north":{"uv":[3.25,11.25,3,11.5],"texture":"#texture"},"south":{"uv":[3,11.5,3.25,11.25],"texture":"#texture"},"west":{"uv":[3,11.25,3.25,11.5],"texture":"#texture","rotation":270},"east":{"uv":[3.25,11.25,3,11.5],"texture":"#texture","rotation":90}}},{"from":[3,0,11.75],"to":[3.75,0.25,12.25],"faces":{"down":{"uv":[3,12.25,3.75,11.75],"texture":"#texture"},"up":{"uv":[3,11.75,3.75,12.25],"texture":"#texture"},"north":{"uv":[3.75,11.75,3,12],"texture":"#texture"},"south":{"uv":[3,12.25,3.75,12],"texture":"#texture"},"west":{"uv":[3,11.75,3.25,12.25],"texture":"#texture","rotation":270},"east":{"uv":[3.75,11.75,3.5,12.25],"texture":"#texture","rotation":90}}},{"from":[3,0,14.25],"to":[3.25,0.25,14.5],"faces":{"down":{"uv":[3,14.5,3.25,14.25],"texture":"#texture"},"up":{"uv":[3,14.25,3.25,14.5],"texture":"#texture"},"south":{"uv":[3,14.5,3.25,14.25],"texture":"#texture"},"west":{"uv":[3,14.25,3.25,14.5],"texture":"#texture","rotation":270},"east":{"uv":[3.25,14.25,3,14.5],"texture":"#texture","rotation":90}}},{"from":[3.25,0,3],"to":[3.5,0.25,3.5],"faces":{"down":{"uv":[3.25,3.5,3.5,3],"texture":"#texture"},"up":{"uv":[3.25,3,3.5,3.5],"texture":"#texture"},"north":{"uv":[3.5,3,3.25,3.25],"texture":"#texture"},"south":{"uv":[3.25,3.5,3.5,3.25],"texture":"#texture"},"west":{"uv":[3.25,3,3.5,3.5],"texture":"#texture","rotation":270},"east":{"uv":[3.5,3,3.25,3.5],"texture":"#texture","rotation":90}}},{"from":[3.25,0,4.5],"to":[3.5,0.25,4.75],"faces":{"down":{"uv":[3.25,4.75,3.5,4.5],"texture":"#texture"},"up":{"uv":[3.25,4.5,3.5,4.75],"texture":"#texture"},"north":{"uv":[3.5,4.5,3.25,4.75],"texture":"#texture"},"south":{"uv":[3.25,4.75,3.5,4.5],"texture":"#texture"},"west":{"uv":[3.25,4.5,3.5,4.75],"texture":"#texture","rotation":270},"east":{"uv":[3.5,4.5,3.25,4.75],"texture":"#texture","rotation":90}}},{"from":[3.25,0,8],"to":[11.25,0.25,8.5],"faces":{"down":{"uv":[3.25,8.5,11.25,8],"texture":"#texture"},"up":{"uv":[3.25,8,11.25,8.5],"texture":"#texture"},"north":{"uv":[11.25,8,3.25,8.25],"texture":"#texture"},"south":{"uv":[3.25,8.5,11.25,8.25],"texture":"#texture"},"west":{"uv":[3.25,8,3.5,8.5],"texture":"#texture","rotation":270},"east":{"uv":[11.25,8,11,8.5],"texture":"#texture","rotation":90}}},{"from":[3.25,0,10],"to":[5,0.25,10.75],"faces":{"down":{"uv":[3.25,10.75,5,10],"texture":"#texture"},"up":{"uv":[3.25,10,5,10.75],"texture":"#texture"},"south":{"uv":[3.25,10.75,5,10.5],"texture":"#texture"},"west":{"uv":[3.25,10,3.5,10.75],"texture":"#texture","rotation":270},"east":{"uv":[5,10,4.75,10.75],"texture":"#texture","rotation":90}}},{"from":[3.25,0,12.25],"to":[4.25,0.25,12.5],"faces":{"down":{"uv":[3.25,12.5,4.25,12.25],"texture":"#texture"},"up":{"uv":[3.25,12.25,4.25,12.5],"texture":"#texture"},"north":{"uv":[4.25,12.25,3.25,12.5],"texture":"#texture"},"south":{"uv":[3.25,12.5,4.25,12.25],"texture":"#texture"},"west":{"uv":[3.25,12.25,3.5,12.5],"texture":"#texture","rotation":270},"east":{"uv":[4.25,12.25,4,12.5],"texture":"#texture","rotation":90}}},{"from":[3.25,0,13.25],"to":[6.25,0.25,13.75],"faces":{"down":{"uv":[3.25,13.75,6.25,13.25],"texture":"#texture"},"up":{"uv":[3.25,13.25,6.25,13.75],"texture":"#texture"},"north":{"uv":[6.25,13.25,3.25,13.5],"texture":"#texture"},"south":{"uv":[3.25,13.75,6.25,13.5],"texture":"#texture"},"west":{"uv":[3.25,13.25,3.5,13.75],"texture":"#texture","rotation":270},"east":{"uv":[6.25,13.25,6,13.75],"texture":"#texture","rotation":90}}},{"from":[3.25,0,15.25],"to":[3.5,0.25,15.5],"faces":{"down":{"uv":[3.25,15.5,3.5,15.25],"texture":"#texture"},"up":{"uv":[3.25,15.25,3.5,15.5],"texture":"#texture"},"north":{"uv":[3.5,15.25,3.25,15.5],"texture":"#texture"},"south":{"uv":[3.25,15.5,3.5,15.25],"texture":"#texture"},"west":{"uv":[3.25,15.25,3.5,15.5],"texture":"#texture","rotation":270},"east":{"uv":[3.5,15.25,3.25,15.5],"texture":"#texture","rotation":90}}},{"from":[3.5,0,3.25],"to":[3.75,0.25,3.5],"faces":{"down":{"uv":[3.5,3.5,3.75,3.25],"texture":"#texture"},"up":{"uv":[3.5,3.25,3.75,3.5],"texture":"#texture"},"north":{"uv":[3.75,3.25,3.5,3.5],"texture":"#texture"},"south":{"uv":[3.5,3.5,3.75,3.25],"texture":"#texture"},"east":{"uv":[3.75,3.25,3.5,3.5],"texture":"#texture","rotation":90}}},{"from":[3.5,0,3.75],"to":[3.75,0.25,4],"faces":{"down":{"uv":[3.5,4,3.75,3.75],"texture":"#texture"},"up":{"uv":[3.5,3.75,3.75,4],"texture":"#texture"},"north":{"uv":[3.75,3.75,3.5,4],"texture":"#texture"},"south":{"uv":[3.5,4,3.75,3.75],"texture":"#texture"},"west":{"uv":[3.5,3.75,3.75,4],"texture":"#texture","rotation":270},"east":{"uv":[3.75,3.75,3.5,4],"texture":"#texture","rotation":90}}},{"from":[3.5,0,7.25],"to":[10.25,0.25,7.5],"faces":{"down":{"uv":[3.5,7.5,10.25,7.25],"texture":"#texture"},"up":{"uv":[3.5,7.25,10.25,7.5],"texture":"#texture"},"north":{"uv":[10.25,7.25,3.5,7.5],"texture":"#texture"},"south":{"uv":[3.5,7.5,10.25,7.25],"texture":"#texture"},"east":{"uv":[10.25,7.25,10,7.5],"texture":"#texture","rotation":90}}},{"from":[3.5,0,10.75],"to":[5.25,0.25,11],"faces":{"down":{"uv":[3.5,11,5.25,10.75],"texture":"#texture"},"up":{"uv":[3.5,10.75,5.25,11],"texture":"#texture"},"north":{"uv":[5.25,10.75,3.5,11],"texture":"#texture"},"south":{"uv":[3.5,11,5.25,10.75],"texture":"#texture"},"west":{"uv":[3.5,10.75,3.75,11],"texture":"#texture","rotation":270},"east":{"uv":[5.25,10.75,5,11],"texture":"#texture","rotation":90}}},{"from":[3.5,0,13],"to":[6.5,0.25,13.25],"faces":{"down":{"uv":[3.5,13.25,6.5,13],"texture":"#texture"},"up":{"uv":[3.5,13,6.5,13.25],"texture":"#texture"},"north":{"uv":[6.5,13,3.5,13.25],"texture":"#texture"},"south":{"uv":[3.5,13.25,6.5,13],"texture":"#texture"},"west":{"uv":[3.5,13,3.75,13.25],"texture":"#texture","rotation":270},"east":{"uv":[6.5,13,6.25,13.25],"texture":"#texture","rotation":90}}},{"from":[3.75,0,1.5],"to":[4.25,0.25,2],"faces":{"down":{"uv":[3.75,2,4.25,1.5],"texture":"#texture"},"up":{"uv":[3.75,1.5,4.25,2],"texture":"#texture"},"north":{"uv":[4.25,1.5,3.75,1.75],"texture":"#texture"},"south":{"uv":[3.75,2,4.25,1.75],"texture":"#texture"},"west":{"uv":[3.75,1.5,4,2],"texture":"#texture","rotation":270},"east":{"uv":[4.25,1.5,4,2],"texture":"#texture","rotation":90}}},{"from":[3.75,0,5],"to":[4,0.25,5.25],"faces":{"down":{"uv":[3.75,5.25,4,5],"texture":"#texture"},"up":{"uv":[3.75,5,4,5.25],"texture":"#texture"},"north":{"uv":[4,5,3.75,5.25],"texture":"#texture"},"south":{"uv":[3.75,5.25,4,5],"texture":"#texture"},"west":{"uv":[3.75,5,4,5.25],"texture":"#texture","rotation":270},"east":{"uv":[4,5,3.75,5.25],"texture":"#texture","rotation":90}}},{"from":[3.75,0,11.25],"to":[4,0.25,11.5],"faces":{"down":{"uv":[3.75,11.5,4,11.25],"texture":"#texture"},"up":{"uv":[3.75,11.25,4,11.5],"texture":"#texture"},"north":{"uv":[4,11.25,3.75,11.5],"texture":"#texture"},"south":{"uv":[3.75,11.5,4,11.25],"texture":"#texture"},"west":{"uv":[3.75,11.25,4,11.5],"texture":"#texture","rotation":270},"east":{"uv":[4,11.25,3.75,11.5],"texture":"#texture","rotation":90}}},{"from":[3.75,0,12],"to":[4,0.25,12.25],"faces":{"down":{"uv":[3.75,12.25,4,12],"texture":"#texture"},"up":{"uv":[3.75,12,4,12.25],"texture":"#texture"},"north":{"uv":[4,12,3.75,12.25],"texture":"#texture"},"east":{"uv":[4,12,3.75,12.25],"texture":"#texture","rotation":90}}},{"from":[3.75,0,12.5],"to":[6.75,0.25,13],"faces":{"down":{"uv":[3.75,13,6.75,12.5],"texture":"#texture"},"up":{"uv":[3.75,12.5,6.75,13],"texture":"#texture"},"north":{"uv":[6.75,12.5,3.75,12.75],"texture":"#texture"},"south":{"uv":[3.75,13,6.75,12.75],"texture":"#texture"},"west":{"uv":[3.75,12.5,4,13],"texture":"#texture","rotation":270},"east":{"uv":[6.75,12.5,6.5,13],"texture":"#texture","rotation":90}}},{"from":[4,0,2],"to":[4.25,0.25,2.25],"faces":{"down":{"uv":[4,2.25,4.25,2],"texture":"#texture"},"up":{"uv":[4,2,4.25,2.25],"texture":"#texture"},"south":{"uv":[4,2.25,4.25,2],"texture":"#texture"},"west":{"uv":[4,2,4.25,2.25],"texture":"#texture","rotation":270},"east":{"uv":[4.25,2,4,2.25],"texture":"#texture","rotation":90}}},{"from":[4,0,3.75],"to":[4.25,0.25,4],"faces":{"down":{"uv":[4,4,4.25,3.75],"texture":"#texture"},"up":{"uv":[4,3.75,4.25,4],"texture":"#texture"},"north":{"uv":[4.25,3.75,4,4],"texture":"#texture"},"south":{"uv":[4,4,4.25,3.75],"texture":"#texture"},"west":{"uv":[4,3.75,4.25,4],"texture":"#texture","rotation":270},"east":{"uv":[4.25,3.75,4,4],"texture":"#texture","rotation":90}}},{"from":[4,0,7.5],"to":[6.25,0.25,7.75],"faces":{"down":{"uv":[4,7.75,6.25,7.5],"texture":"#texture"},"up":{"uv":[4,7.5,6.25,7.75],"texture":"#texture"},"west":{"uv":[4,7.5,4.25,7.75],"texture":"#texture","rotation":270},"east":{"uv":[6.25,7.5,6,7.75],"texture":"#texture","rotation":90}}},{"from":[4,0,11],"to":[9.25,0.25,11.25],"faces":{"down":{"uv":[4,11.25,9.25,11],"texture":"#texture"},"up":{"uv":[4,11,9.25,11.25],"texture":"#texture"},"north":{"uv":[9.25,11,4,11.25],"texture":"#texture"},"south":{"uv":[4,11.25,9.25,11],"texture":"#texture"},"west":{"uv":[4,11,4.25,11.25],"texture":"#texture","rotation":270},"east":{"uv":[9.25,11,9,11.25],"texture":"#texture","rotation":90}}},{"from":[4,0,13.75],"to":[5.75,0.25,14],"faces":{"down":{"uv":[4,14,5.75,13.75],"texture":"#texture"},"up":{"uv":[4,13.75,5.75,14],"texture":"#texture"},"south":{"uv":[4,14,5.75,13.75],"texture":"#texture"},"west":{"uv":[4,13.75,4.25,14],"texture":"#texture","rotation":270},"east":{"uv":[5.75,13.75,5.5,14],"texture":"#texture","rotation":90}}},{"from":[4.25,0,2.5],"to":[4.5,0.25,2.75],"faces":{"down":{"uv":[4.25,2.75,4.5,2.5],"texture":"#texture"},"up":{"uv":[4.25,2.5,4.5,2.75],"texture":"#texture"},"north":{"uv":[4.5,2.5,4.25,2.75],"texture":"#texture"},"south":{"uv":[4.25,2.75,4.5,2.5],"texture":"#texture"},"west":{"uv":[4.25,2.5,4.5,2.75],"texture":"#texture","rotation":270},"east":{"uv":[4.5,2.5,4.25,2.75],"texture":"#texture","rotation":90}}},{"from":[4.25,0,3.5],"to":[4.5,0.25,3.75],"faces":{"down":{"uv":[4.25,3.75,4.5,3.5],"texture":"#texture"},"up":{"uv":[4.25,3.5,4.5,3.75],"texture":"#texture"},"north":{"uv":[4.5,3.5,4.25,3.75],"texture":"#texture"},"south":{"uv":[4.25,3.75,4.5,3.5],"texture":"#texture"},"west":{"uv":[4.25,3.5,4.5,3.75],"texture":"#texture","rotation":270},"east":{"uv":[4.5,3.5,4.25,3.75],"texture":"#texture","rotation":90}}},{"from":[4.25,0,4.5],"to":[4.5,0.25,4.75],"faces":{"down":{"uv":[4.25,4.75,4.5,4.5],"texture":"#texture"},"up":{"uv":[4.25,4.5,4.5,4.75],"texture":"#texture"},"north":{"uv":[4.5,4.5,4.25,4.75],"texture":"#texture"},"south":{"uv":[4.25,4.75,4.5,4.5],"texture":"#texture"},"west":{"uv":[4.25,4.5,4.5,4.75],"texture":"#texture","rotation":270},"east":{"uv":[4.5,4.5,4.25,4.75],"texture":"#texture","rotation":90}}},{"from":[4.25,0,5],"to":[4.5,0.25,5.75],"faces":{"down":{"uv":[4.25,5.75,4.5,5],"texture":"#texture"},"up":{"uv":[4.25,5,4.5,5.75],"texture":"#texture"},"north":{"uv":[4.5,5,4.25,5.25],"texture":"#texture"},"west":{"uv":[4.25,5,4.5,5.75],"texture":"#texture","rotation":270},"east":{"uv":[4.5,5,4.25,5.75],"texture":"#texture","rotation":90}}},{"from":[4.25,0,11.5],"to":[11,0.25,11.75],"faces":{"down":{"uv":[4.25,11.75,11,11.5],"texture":"#texture"},"up":{"uv":[4.25,11.5,11,11.75],"texture":"#texture"},"north":{"uv":[11,11.5,4.25,11.75],"texture":"#texture"},"south":{"uv":[4.25,11.75,11,11.5],"texture":"#texture"},"west":{"uv":[4.25,11.5,4.5,11.75],"texture":"#texture","rotation":270},"east":{"uv":[11,11.5,10.75,11.75],"texture":"#texture","rotation":90}}},{"from":[4.25,0,14],"to":[4.5,0.25,14.75],"faces":{"down":{"uv":[4.25,14.75,4.5,14],"texture":"#texture"},"up":{"uv":[4.25,14,4.5,14.75],"texture":"#texture"},"south":{"uv":[4.25,14.75,4.5,14.5],"texture":"#texture"},"west":{"uv":[4.25,14,4.5,14.75],"texture":"#texture","rotation":270},"east":{"uv":[4.5,14,4.25,14.75],"texture":"#texture","rotation":90}}},{"from":[4.5,0,5.5],"to":[9,0.25,5.75],"faces":{"down":{"uv":[4.5,5.75,9,5.5],"texture":"#texture"},"up":{"uv":[4.5,5.5,9,5.75],"texture":"#texture"},"north":{"uv":[9,5.5,4.5,5.75],"texture":"#texture"},"east":{"uv":[9,5.5,8.75,5.75],"texture":"#texture","rotation":90}}},{"from":[4.5,0,7],"to":[10.25,0.25,7.25],"faces":{"down":{"uv":[4.5,7.25,10.25,7],"texture":"#texture"},"up":{"uv":[4.5,7,10.25,7.25],"texture":"#texture"},"north":{"uv":[10.25,7,4.5,7.25],"texture":"#texture"},"east":{"uv":[10.25,7,10,7.25],"texture":"#texture","rotation":90}}},{"from":[4.5,0,11.25],"to":[9.75,0.25,11.5],"faces":{"down":{"uv":[4.5,11.5,9.75,11.25],"texture":"#texture"},"up":{"uv":[4.5,11.25,9.75,11.5],"texture":"#texture"},"north":{"uv":[9.75,11.25,4.5,11.5],"texture":"#texture"},"west":{"uv":[4.5,11.25,4.75,11.5],"texture":"#texture","rotation":270},"east":{"uv":[9.75,11.25,9.5,11.5],"texture":"#texture","rotation":90}}},{"from":[4.5,0,14],"to":[5.25,0.25,14.5],"faces":{"down":{"uv":[4.5,14.5,5.25,14],"texture":"#texture"},"up":{"uv":[4.5,14,5.25,14.5],"texture":"#texture"},"south":{"uv":[4.5,14.5,5.25,14.25],"texture":"#texture"},"east":{"uv":[5.25,14,5,14.5],"texture":"#texture","rotation":90}}},{"from":[4.75,0,3.5],"to":[5,0.25,4.25],"faces":{"down":{"uv":[4.75,4.25,5,3.5],"texture":"#texture"},"up":{"uv":[4.75,3.5,5,4.25],"texture":"#texture"},"north":{"uv":[5,3.5,4.75,3.75],"texture":"#texture"},"south":{"uv":[4.75,4.25,5,4],"texture":"#texture"},"west":{"uv":[4.75,3.5,5,4.25],"texture":"#texture","rotation":270},"east":{"uv":[5,3.5,4.75,4.25],"texture":"#texture","rotation":90}}},{"from":[4.75,0,4.75],"to":[6.5,0.25,5],"faces":{"down":{"uv":[4.75,5,6.5,4.75],"texture":"#texture"},"up":{"uv":[4.75,4.75,6.5,5],"texture":"#texture"},"north":{"uv":[6.5,4.75,4.75,5],"texture":"#texture"},"south":{"uv":[4.75,5,6.5,4.75],"texture":"#texture"},"west":{"uv":[4.75,4.75,5,5],"texture":"#texture","rotation":270},"east":{"uv":[6.5,4.75,6.25,5],"texture":"#texture","rotation":90}}},{"from":[4.75,0,5.25],"to":[9,0.25,5.5],"faces":{"down":{"uv":[4.75,5.5,9,5.25],"texture":"#texture"},"up":{"uv":[4.75,5.25,9,5.5],"texture":"#texture"},"north":{"uv":[9,5.25,4.75,5.5],"texture":"#texture"},"west":{"uv":[4.75,5.25,5,5.5],"texture":"#texture","rotation":270},"east":{"uv":[9,5.25,8.75,5.5],"texture":"#texture","rotation":90}}},{"from":[4.75,0,6.75],"to":[10.25,0.25,7],"faces":{"down":{"uv":[4.75,7,10.25,6.75],"texture":"#texture"},"up":{"uv":[4.75,6.75,10.25,7],"texture":"#texture"},"west":{"uv":[4.75,6.75,5,7],"texture":"#texture","rotation":270},"east":{"uv":[10.25,6.75,10,7],"texture":"#texture","rotation":90}}},{"from":[4.75,0,12],"to":[5.25,0.25,12.5],"faces":{"down":{"uv":[4.75,12.5,5.25,12],"texture":"#texture"},"up":{"uv":[4.75,12,5.25,12.5],"texture":"#texture"},"north":{"uv":[5.25,12,4.75,12.25],"texture":"#texture"},"west":{"uv":[4.75,12,5,12.5],"texture":"#texture","rotation":270},"east":{"uv":[5.25,12,5,12.5],"texture":"#texture","rotation":90}}},{"from":[4.75,0,14.75],"to":[5,0.25,15.25],"faces":{"down":{"uv":[4.75,15.25,5,14.75],"texture":"#texture"},"up":{"uv":[4.75,14.75,5,15.25],"texture":"#texture"},"north":{"uv":[5,14.75,4.75,15],"texture":"#texture"},"south":{"uv":[4.75,15.25,5,15],"texture":"#texture"},"west":{"uv":[4.75,14.75,5,15.25],"texture":"#texture","rotation":270},"east":{"uv":[5,14.75,4.75,15.25],"texture":"#texture","rotation":90}}},{"from":[5,0,3.25],"to":[5.25,0.25,3.5],"faces":{"down":{"uv":[5,3.5,5.25,3.25],"texture":"#texture"},"up":{"uv":[5,3.25,5.25,3.5],"texture":"#texture"},"north":{"uv":[5.25,3.25,5,3.5],"texture":"#texture"},"south":{"uv":[5,3.5,5.25,3.25],"texture":"#texture"},"west":{"uv":[5,3.25,5.25,3.5],"texture":"#texture","rotation":270},"east":{"uv":[5.25,3.25,5,3.5],"texture":"#texture","rotation":90}}},{"from":[5,0,3.75],"to":[5.25,0.25,4.25],"faces":{"down":{"uv":[5,4.25,5.25,3.75],"texture":"#texture"},"up":{"uv":[5,3.75,5.25,4.25],"texture":"#texture"},"north":{"uv":[5.25,3.75,5,4],"texture":"#texture"},"south":{"uv":[5,4.25,5.25,4],"texture":"#texture"},"east":{"uv":[5.25,3.75,5,4.25],"texture":"#texture","rotation":90}}},{"from":[5,0,4.5],"to":[6.5,0.25,4.75],"faces":{"down":{"uv":[5,4.75,6.5,4.5],"texture":"#texture"},"up":{"uv":[5,4.5,6.5,4.75],"texture":"#texture"},"north":{"uv":[6.5,4.5,5,4.75],"texture":"#texture"},"west":{"uv":[5,4.5,5.25,4.75],"texture":"#texture","rotation":270},"east":{"uv":[6.5,4.5,6.25,4.75],"texture":"#texture","rotation":90}}},{"from":[5,0,5],"to":[9.25,0.25,5.25],"faces":{"down":{"uv":[5,5.25,9.25,5],"texture":"#texture"},"up":{"uv":[5,5,9.25,5.25],"texture":"#texture"},"north":{"uv":[9.25,5,5,5.25],"texture":"#texture"},"south":{"uv":[5,5.25,9.25,5],"texture":"#texture"},"west":{"uv":[5,5,5.25,5.25],"texture":"#texture","rotation":270},"east":{"uv":[9.25,5,9,5.25],"texture":"#texture","rotation":90}}},{"from":[5,0,10],"to":[10.5,0.25,10.5],"faces":{"down":{"uv":[5,10.5,10.5,10],"texture":"#texture"},"up":{"uv":[5,10,10.5,10.5],"texture":"#texture"},"south":{"uv":[5,10.5,10.5,10.25],"texture":"#texture"},"east":{"uv":[10.5,10,10.25,10.5],"texture":"#texture","rotation":90}}},{"from":[5,0,11.75],"to":[9.25,0.25,12],"faces":{"down":{"uv":[5,12,9.25,11.75],"texture":"#texture"},"up":{"uv":[5,11.75,9.25,12],"texture":"#texture"},"south":{"uv":[5,12,9.25,11.75],"texture":"#texture"},"west":{"uv":[5,11.75,5.25,12],"texture":"#texture","rotation":270},"east":{"uv":[9.25,11.75,9,12],"texture":"#texture","rotation":90}}},{"from":[5,0,15],"to":[5.25,0.25,15.25],"faces":{"down":{"uv":[5,15.25,5.25,15],"texture":"#texture"},"up":{"uv":[5,15,5.25,15.25],"texture":"#texture"},"north":{"uv":[5.25,15,5,15.25],"texture":"#texture"},"south":{"uv":[5,15.25,5.25,15],"texture":"#texture"},"east":{"uv":[5.25,15,5,15.25],"texture":"#texture","rotation":90}}},{"from":[5.25,0,4],"to":[6,0.25,4.5],"faces":{"down":{"uv":[5.25,4.5,6,4],"texture":"#texture"},"up":{"uv":[5.25,4,6,4.5],"texture":"#texture"},"north":{"uv":[6,4,5.25,4.25],"texture":"#texture"},"west":{"uv":[5.25,4,5.5,4.5],"texture":"#texture","rotation":270},"east":{"uv":[6,4,5.75,4.5],"texture":"#texture","rotation":90}}},{"from":[5.25,0,10.5],"to":[10.5,0.25,10.75],"faces":{"down":{"uv":[5.25,10.75,10.5,10.5],"texture":"#texture"},"up":{"uv":[5.25,10.5,10.5,10.75],"texture":"#texture"},"south":{"uv":[5.25,10.75,10.5,10.5],"texture":"#texture"},"west":{"uv":[5.25,10.5,5.5,10.75],"texture":"#texture","rotation":270},"east":{"uv":[10.5,10.5,10.25,10.75],"texture":"#texture","rotation":90}}},{"from":[5.25,0,12],"to":[9,0.25,12.25],"faces":{"down":{"uv":[5.25,12.25,9,12],"texture":"#texture"},"up":{"uv":[5.25,12,9,12.25],"texture":"#texture"},"south":{"uv":[5.25,12.25,9,12],"texture":"#texture"},"east":{"uv":[9,12,8.75,12.25],"texture":"#texture","rotation":90}}},{"from":[5.25,0,14],"to":[5.5,0.25,14.25],"faces":{"down":{"uv":[5.25,14.25,5.5,14],"texture":"#texture"},"up":{"uv":[5.25,14,5.5,14.25],"texture":"#texture"},"south":{"uv":[5.25,14.25,5.5,14],"texture":"#texture"},"east":{"uv":[5.5,14,5.25,14.25],"texture":"#texture","rotation":90}}},{"from":[5.5,0,2.25],"to":[5.75,0.25,3],"faces":{"down":{"uv":[5.5,3,5.75,2.25],"texture":"#texture"},"up":{"uv":[5.5,2.25,5.75,3],"texture":"#texture"},"north":{"uv":[5.75,2.25,5.5,2.5],"texture":"#texture"},"south":{"uv":[5.5,3,5.75,2.75],"texture":"#texture"},"west":{"uv":[5.5,2.25,5.75,3],"texture":"#texture","rotation":270},"east":{"uv":[5.75,2.25,5.5,3],"texture":"#texture","rotation":90}}},{"from":[5.5,0,3.25],"to":[6.25,0.25,3.5],"faces":{"down":{"uv":[5.5,3.5,6.25,3.25],"texture":"#texture"},"up":{"uv":[5.5,3.25,6.25,3.5],"texture":"#texture"},"north":{"uv":[6.25,3.25,5.5,3.5],"texture":"#texture"},"south":{"uv":[5.5,3.5,6.25,3.25],"texture":"#texture"},"west":{"uv":[5.5,3.25,5.75,3.5],"texture":"#texture","rotation":270},"east":{"uv":[6.25,3.25,6,3.5],"texture":"#texture","rotation":90}}},{"from":[5.5,0,10.75],"to":[10,0.25,11],"faces":{"down":{"uv":[5.5,11,10,10.75],"texture":"#texture"},"up":{"uv":[5.5,10.75,10,11],"texture":"#texture"},"south":{"uv":[5.5,11,10,10.75],"texture":"#texture"},"west":{"uv":[5.5,10.75,5.75,11],"texture":"#texture","rotation":270},"east":{"uv":[10,10.75,9.75,11],"texture":"#texture","rotation":90}}},{"from":[5.5,0,12.25],"to":[9,0.25,12.5],"faces":{"down":{"uv":[5.5,12.5,9,12.25],"texture":"#texture"},"up":{"uv":[5.5,12.25,9,12.5],"texture":"#texture"},"south":{"uv":[5.5,12.5,9,12.25],"texture":"#texture"},"west":{"uv":[5.5,12.25,5.75,12.5],"texture":"#texture","rotation":270},"east":{"uv":[9,12.25,8.75,12.5],"texture":"#texture","rotation":90}}},{"from":[5.75,0,2.75],"to":[6,0.25,3.25],"faces":{"down":{"uv":[5.75,3.25,6,2.75],"texture":"#texture"},"up":{"uv":[5.75,2.75,6,3.25],"texture":"#texture"},"north":{"uv":[6,2.75,5.75,3],"texture":"#texture"},"west":{"uv":[5.75,2.75,6,3.25],"texture":"#texture","rotation":270},"east":{"uv":[6,2.75,5.75,3.25],"texture":"#texture","rotation":90}}},{"from":[5.75,0,3.5],"to":[6,0.25,4],"faces":{"down":{"uv":[5.75,4,6,3.5],"texture":"#texture"},"up":{"uv":[5.75,3.5,6,4],"texture":"#texture"},"west":{"uv":[5.75,3.5,6,4],"texture":"#texture","rotation":270},"east":{"uv":[6,3.5,5.75,4],"texture":"#texture","rotation":90}}},{"from":[6,0,3.5],"to":[6.25,0.25,3.75],"faces":{"down":{"uv":[6,3.75,6.25,3.5],"texture":"#texture"},"up":{"uv":[6,3.5,6.25,3.75],"texture":"#texture"},"south":{"uv":[6,3.75,6.25,3.5],"texture":"#texture"},"east":{"uv":[6.25,3.5,6,3.75],"texture":"#texture","rotation":90}}},{"from":[6,0,4.25],"to":[7,0.25,4.5],"faces":{"down":{"uv":[6,4.5,7,4.25],"texture":"#texture"},"up":{"uv":[6,4.25,7,4.5],"texture":"#texture"},"north":{"uv":[7,4.25,6,4.5],"texture":"#texture"},"south":{"uv":[6,4.5,7,4.25],"texture":"#texture"},"east":{"uv":[7,4.25,6.75,4.5],"texture":"#texture","rotation":90}}},{"from":[6.25,0,13.25],"to":[6.5,0.25,13.5],"faces":{"down":{"uv":[6.25,13.5,6.5,13.25],"texture":"#texture"},"up":{"uv":[6.25,13.25,6.5,13.5],"texture":"#texture"},"south":{"uv":[6.25,13.5,6.5,13.25],"texture":"#texture"},"east":{"uv":[6.5,13.25,6.25,13.5],"texture":"#texture","rotation":90}}},{"from":[6.25,0,14.5],"to":[7,0.25,15.5],"faces":{"down":{"uv":[6.25,15.5,7,14.5],"texture":"#texture"},"up":{"uv":[6.25,14.5,7,15.5],"texture":"#texture"},"north":{"uv":[7,14.5,6.25,14.75],"texture":"#texture"},"south":{"uv":[6.25,15.5,7,15.25],"texture":"#texture"},"west":{"uv":[6.25,14.5,6.5,15.5],"texture":"#texture","rotation":270},"east":{"uv":[7,14.5,6.75,15.5],"texture":"#texture","rotation":90}}},{"from":[6.5,0,3.5],"to":[7,0.25,3.75],"faces":{"down":{"uv":[6.5,3.75,7,3.5],"texture":"#texture"},"up":{"uv":[6.5,3.5,7,3.75],"texture":"#texture"},"north":{"uv":[7,3.5,6.5,3.75],"texture":"#texture"},"south":{"uv":[6.5,3.75,7,3.5],"texture":"#texture"},"west":{"uv":[6.5,3.5,6.75,3.75],"texture":"#texture","rotation":270},"east":{"uv":[7,3.5,6.75,3.75],"texture":"#texture","rotation":90}}},{"from":[6.5,0,7.5],"to":[10.25,0.25,7.75],"faces":{"down":{"uv":[6.5,7.75,10.25,7.5],"texture":"#texture"},"up":{"uv":[6.5,7.5,10.25,7.75],"texture":"#texture"},"west":{"uv":[6.5,7.5,6.75,7.75],"texture":"#texture","rotation":270},"east":{"uv":[10.25,7.5,10,7.75],"texture":"#texture","rotation":90}}},{"from":[6.75,0,1.75],"to":[7,0.25,2.25],"faces":{"down":{"uv":[6.75,2.25,7,1.75],"texture":"#texture"},"up":{"uv":[6.75,1.75,7,2.25],"texture":"#texture"},"north":{"uv":[7,1.75,6.75,2],"texture":"#texture"},"south":{"uv":[6.75,2.25,7,2],"texture":"#texture"},"west":{"uv":[6.75,1.75,7,2.25],"texture":"#texture","rotation":270},"east":{"uv":[7,1.75,6.75,2.25],"texture":"#texture","rotation":90}}},{"from":[6.75,0,3.75],"to":[7,0.25,4.25],"faces":{"down":{"uv":[6.75,4.25,7,3.75],"texture":"#texture"},"up":{"uv":[6.75,3.75,7,4.25],"texture":"#texture"},"west":{"uv":[6.75,3.75,7,4.25],"texture":"#texture","rotation":270},"east":{"uv":[7,3.75,6.75,4.25],"texture":"#texture","rotation":90}}},{"from":[7,0,0],"to":[7.25,0.25,0.5],"faces":{"down":{"uv":[7,0.5,7.25,0],"texture":"#texture"},"up":{"uv":[7,0,7.25,0.5],"texture":"#texture"},"north":{"uv":[7.25,0,7,0.25],"texture":"#texture"},"south":{"uv":[7,0.5,7.25,0.25],"texture":"#texture"},"west":{"uv":[7,0,7.25,0.5],"texture":"#texture","rotation":270},"east":{"uv":[7.25,0,7,0.5],"texture":"#texture","rotation":90}}},{"from":[7,0,2],"to":[7.25,0.25,2.25],"faces":{"down":{"uv":[7,2.25,7.25,2],"texture":"#texture"},"up":{"uv":[7,2,7.25,2.25],"texture":"#texture"},"north":{"uv":[7.25,2,7,2.25],"texture":"#texture"},"south":{"uv":[7,2.25,7.25,2],"texture":"#texture"},"east":{"uv":[7.25,2,7,2.25],"texture":"#texture","rotation":90}}},{"from":[7,0,3],"to":[7.25,0.25,3.25],"faces":{"down":{"uv":[7,3.25,7.25,3],"texture":"#texture"},"up":{"uv":[7,3,7.25,3.25],"texture":"#texture"},"north":{"uv":[7.25,3,7,3.25],"texture":"#texture"},"south":{"uv":[7,3.25,7.25,3],"texture":"#texture"},"west":{"uv":[7,3,7.25,3.25],"texture":"#texture","rotation":270},"east":{"uv":[7.25,3,7,3.25],"texture":"#texture","rotation":90}}},{"from":[7,0,4.75],"to":[9.5,0.25,5],"faces":{"down":{"uv":[7,5,9.5,4.75],"texture":"#texture"},"up":{"uv":[7,4.75,9.5,5],"texture":"#texture"},"north":{"uv":[9.5,4.75,7,5],"texture":"#texture"},"south":{"uv":[7,5,9.5,4.75],"texture":"#texture"},"west":{"uv":[7,4.75,7.25,5],"texture":"#texture","rotation":270},"east":{"uv":[9.5,4.75,9.25,5],"texture":"#texture","rotation":90}}},{"from":[7,0,14.5],"to":[7.25,0.25,15.25],"faces":{"down":{"uv":[7,15.25,7.25,14.5],"texture":"#texture"},"up":{"uv":[7,14.5,7.25,15.25],"texture":"#texture"},"north":{"uv":[7.25,14.5,7,14.75],"texture":"#texture"},"south":{"uv":[7,15.25,7.25,15],"texture":"#texture"},"east":{"uv":[7.25,14.5,7,15.25],"texture":"#texture","rotation":90}}},{"from":[7.25,0,1.5],"to":[7.5,0.25,2],"faces":{"down":{"uv":[7.25,2,7.5,1.5],"texture":"#texture"},"up":{"uv":[7.25,1.5,7.5,2],"texture":"#texture"},"north":{"uv":[7.5,1.5,7.25,1.75],"texture":"#texture"},"south":{"uv":[7.25,2,7.5,1.75],"texture":"#texture"},"west":{"uv":[7.25,1.5,7.5,2],"texture":"#texture","rotation":270},"east":{"uv":[7.5,1.5,7.25,2],"texture":"#texture","rotation":90}}},{"from":[7.25,0,2.5],"to":[7.5,0.25,3],"faces":{"down":{"uv":[7.25,3,7.5,2.5],"texture":"#texture"},"up":{"uv":[7.25,2.5,7.5,3],"texture":"#texture"},"north":{"uv":[7.5,2.5,7.25,2.75],"texture":"#texture"},"south":{"uv":[7.25,3,7.5,2.75],"texture":"#texture"},"west":{"uv":[7.25,2.5,7.5,3],"texture":"#texture","rotation":270},"east":{"uv":[7.5,2.5,7.25,3],"texture":"#texture","rotation":90}}},{"from":[7.5,0,1.5],"to":[7.75,0.25,1.75],"faces":{"down":{"uv":[7.5,1.75,7.75,1.5],"texture":"#texture"},"up":{"uv":[7.5,1.5,7.75,1.75],"texture":"#texture"},"north":{"uv":[7.75,1.5,7.5,1.75],"texture":"#texture"},"south":{"uv":[7.5,1.75,7.75,1.5],"texture":"#texture"},"east":{"uv":[7.75,1.5,7.5,1.75],"texture":"#texture","rotation":90}}},{"from":[7.5,0,2],"to":[7.75,0.25,2.25],"faces":{"down":{"uv":[7.5,2.25,7.75,2],"texture":"#texture"},"up":{"uv":[7.5,2,7.75,2.25],"texture":"#texture"},"north":{"uv":[7.75,2,7.5,2.25],"texture":"#texture"},"south":{"uv":[7.5,2.25,7.75,2],"texture":"#texture"},"west":{"uv":[7.5,2,7.75,2.25],"texture":"#texture","rotation":270},"east":{"uv":[7.75,2,7.5,2.25],"texture":"#texture","rotation":90}}},{"from":[7.5,0,3.25],"to":[8,0.25,3.5],"faces":{"down":{"uv":[7.5,3.5,8,3.25],"texture":"#texture"},"up":{"uv":[7.5,3.25,8,3.5],"texture":"#texture"},"north":{"uv":[8,3.25,7.5,3.5],"texture":"#texture"},"south":{"uv":[7.5,3.5,8,3.25],"texture":"#texture"},"west":{"uv":[7.5,3.25,7.75,3.5],"texture":"#texture","rotation":270},"east":{"uv":[8,3.25,7.75,3.5],"texture":"#texture","rotation":90}}},{"from":[7.5,0,4.5],"to":[8.25,0.25,4.75],"faces":{"down":{"uv":[7.5,4.75,8.25,4.5],"texture":"#texture"},"up":{"uv":[7.5,4.5,8.25,4.75],"texture":"#texture"},"north":{"uv":[8.25,4.5,7.5,4.75],"texture":"#texture"},"west":{"uv":[7.5,4.5,7.75,4.75],"texture":"#texture","rotation":270},"east":{"uv":[8.25,4.5,8,4.75],"texture":"#texture","rotation":90}}},{"from":[8,0,1.75],"to":[8.25,0.25,2.25],"faces":{"down":{"uv":[8,2.25,8.25,1.75],"texture":"#texture"},"up":{"uv":[8,1.75,8.25,2.25],"texture":"#texture"},"north":{"uv":[8.25,1.75,8,2],"texture":"#texture"},"south":{"uv":[8,2.25,8.25,2],"texture":"#texture"},"west":{"uv":[8,1.75,8.25,2.25],"texture":"#texture","rotation":270},"east":{"uv":[8.25,1.75,8,2.25],"texture":"#texture","rotation":90}}},{"from":[8,0,2.5],"to":[8.25,0.25,3],"faces":{"down":{"uv":[8,3,8.25,2.5],"texture":"#texture"},"up":{"uv":[8,2.5,8.25,3],"texture":"#texture"},"north":{"uv":[8.25,2.5,8,2.75],"texture":"#texture"},"south":{"uv":[8,3,8.25,2.75],"texture":"#texture"},"west":{"uv":[8,2.5,8.25,3],"texture":"#texture","rotation":270},"east":{"uv":[8.25,2.5,8,3],"texture":"#texture","rotation":90}}},{"from":[8,0,4.25],"to":[8.25,0.25,4.5],"faces":{"down":{"uv":[8,4.5,8.25,4.25],"texture":"#texture"},"up":{"uv":[8,4.25,8.25,4.5],"texture":"#texture"},"north":{"uv":[8.25,4.25,8,4.5],"texture":"#texture"},"west":{"uv":[8,4.25,8.25,4.5],"texture":"#texture","rotation":270},"east":{"uv":[8.25,4.25,8,4.5],"texture":"#texture","rotation":90}}},{"from":[8,0,12.5],"to":[8.75,0.25,13],"faces":{"down":{"uv":[8,13,8.75,12.5],"texture":"#texture"},"up":{"uv":[8,12.5,8.75,13],"texture":"#texture"},"south":{"uv":[8,13,8.75,12.75],"texture":"#texture"},"west":{"uv":[8,12.5,8.25,13],"texture":"#texture","rotation":270},"east":{"uv":[8.75,12.5,8.5,13],"texture":"#texture","rotation":90}}},{"from":[8.25,0,2.75],"to":[8.5,0.25,3],"faces":{"down":{"uv":[8.25,3,8.5,2.75],"texture":"#texture"},"up":{"uv":[8.25,2.75,8.5,3],"texture":"#texture"},"north":{"uv":[8.5,2.75,8.25,3],"texture":"#texture"},"south":{"uv":[8.25,3,8.5,2.75],"texture":"#texture"},"east":{"uv":[8.5,2.75,8.25,3],"texture":"#texture","rotation":90}}},{"from":[8.25,0,3.25],"to":[8.5,0.25,3.75],"faces":{"down":{"uv":[8.25,3.75,8.5,3.25],"texture":"#texture"},"up":{"uv":[8.25,3.25,8.5,3.75],"texture":"#texture"},"north":{"uv":[8.5,3.25,8.25,3.5],"texture":"#texture"},"south":{"uv":[8.25,3.75,8.5,3.5],"texture":"#texture"},"west":{"uv":[8.25,3.25,8.5,3.75],"texture":"#texture","rotation":270},"east":{"uv":[8.5,3.25,8.25,3.75],"texture":"#texture","rotation":90}}},{"from":[8.25,0,13],"to":[8.5,0.25,13.25],"faces":{"down":{"uv":[8.25,13.25,8.5,13],"texture":"#texture"},"up":{"uv":[8.25,13,8.5,13.25],"texture":"#texture"},"south":{"uv":[8.25,13.25,8.5,13],"texture":"#texture"},"west":{"uv":[8.25,13,8.5,13.25],"texture":"#texture","rotation":270},"east":{"uv":[8.5,13,8.25,13.25],"texture":"#texture","rotation":90}}},{"from":[8.25,0,13.5],"to":[8.5,0.25,13.75],"faces":{"down":{"uv":[8.25,13.75,8.5,13.5],"texture":"#texture"},"up":{"uv":[8.25,13.5,8.5,13.75],"texture":"#texture"},"north":{"uv":[8.5,13.5,8.25,13.75],"texture":"#texture"},"south":{"uv":[8.25,13.75,8.5,13.5],"texture":"#texture"},"west":{"uv":[8.25,13.5,8.5,13.75],"texture":"#texture","rotation":270},"east":{"uv":[8.5,13.5,8.25,13.75],"texture":"#texture","rotation":90}}},{"from":[8.5,0,3],"to":[10.5,0.25,3.5],"faces":{"down":{"uv":[8.5,3.5,10.5,3],"texture":"#texture"},"up":{"uv":[8.5,3,10.5,3.5],"texture":"#texture"},"north":{"uv":[10.5,3,8.5,3.25],"texture":"#texture"},"south":{"uv":[8.5,3.5,10.5,3.25],"texture":"#texture"},"west":{"uv":[8.5,3,8.75,3.5],"texture":"#texture","rotation":270},"east":{"uv":[10.5,3,10.25,3.5],"texture":"#texture","rotation":90}}},{"from":[8.5,0,4.25],"to":[8.75,0.25,4.5],"faces":{"down":{"uv":[8.5,4.5,8.75,4.25],"texture":"#texture"},"up":{"uv":[8.5,4.25,8.75,4.5],"texture":"#texture"},"north":{"uv":[8.75,4.25,8.5,4.5],"texture":"#texture"},"south":{"uv":[8.5,4.5,8.75,4.25],"texture":"#texture"},"west":{"uv":[8.5,4.25,8.75,4.5],"texture":"#texture","rotation":270},"east":{"uv":[8.75,4.25,8.5,4.5],"texture":"#texture","rotation":90}}},{"from":[8.75,0,2],"to":[9.75,0.25,3],"faces":{"down":{"uv":[8.75,3,9.75,2],"texture":"#texture"},"up":{"uv":[8.75,2,9.75,3],"texture":"#texture"},"north":{"uv":[9.75,2,8.75,2.25],"texture":"#texture"},"west":{"uv":[8.75,2,9,3],"texture":"#texture","rotation":270},"east":{"uv":[9.75,2,9.5,3],"texture":"#texture","rotation":90}}},{"from":[8.75,0,3.75],"to":[10.75,0.25,4],"faces":{"down":{"uv":[8.75,4,10.75,3.75],"texture":"#texture"},"up":{"uv":[8.75,3.75,10.75,4],"texture":"#texture"},"north":{"uv":[10.75,3.75,8.75,4],"texture":"#texture"},"south":{"uv":[8.75,4,10.75,3.75],"texture":"#texture"},"west":{"uv":[8.75,3.75,9,4],"texture":"#texture","rotation":270},"east":{"uv":[10.75,3.75,10.5,4],"texture":"#texture","rotation":90}}},{"from":[8.75,0,13],"to":[9.5,0.25,13.75],"faces":{"down":{"uv":[8.75,13.75,9.5,13],"texture":"#texture"},"up":{"uv":[8.75,13,9.5,13.75],"texture":"#texture"},"north":{"uv":[9.5,13,8.75,13.25],"texture":"#texture"},"south":{"uv":[8.75,13.75,9.5,13.5],"texture":"#texture"},"west":{"uv":[8.75,13,9,13.75],"texture":"#texture","rotation":270},"east":{"uv":[9.5,13,9.25,13.75],"texture":"#texture","rotation":90}}},{"from":[8.75,0,15.5],"to":[9,0.25,15.75],"faces":{"down":{"uv":[8.75,15.75,9,15.5],"texture":"#texture"},"up":{"uv":[8.75,15.5,9,15.75],"texture":"#texture"},"north":{"uv":[9,15.5,8.75,15.75],"texture":"#texture"},"south":{"uv":[8.75,15.75,9,15.5],"texture":"#texture"},"west":{"uv":[8.75,15.5,9,15.75],"texture":"#texture","rotation":270},"east":{"uv":[9,15.5,8.75,15.75],"texture":"#texture","rotation":90}}},{"from":[9,0,3.5],"to":[11,0.25,3.75],"faces":{"down":{"uv":[9,3.75,11,3.5],"texture":"#texture"},"up":{"uv":[9,3.5,11,3.75],"texture":"#texture"},"north":{"uv":[11,3.5,9,3.75],"texture":"#texture"},"south":{"uv":[9,3.75,11,3.5],"texture":"#texture"},"west":{"uv":[9,3.5,9.25,3.75],"texture":"#texture","rotation":270},"east":{"uv":[11,3.5,10.75,3.75],"texture":"#texture","rotation":90}}},{"from":[9.25,0,1.75],"to":[10,0.25,2],"faces":{"down":{"uv":[9.25,2,10,1.75],"texture":"#texture"},"up":{"uv":[9.25,1.75,10,2],"texture":"#texture"},"north":{"uv":[10,1.75,9.25,2],"texture":"#texture"},"south":{"uv":[9.25,2,10,1.75],"texture":"#texture"},"west":{"uv":[9.25,1.75,9.5,2],"texture":"#texture","rotation":270},"east":{"uv":[10,1.75,9.75,2],"texture":"#texture","rotation":90}}},{"from":[9.25,0,4],"to":[10,0.25,4.5],"faces":{"down":{"uv":[9.25,4.5,10,4],"texture":"#texture"},"up":{"uv":[9.25,4,10,4.5],"texture":"#texture"},"south":{"uv":[9.25,4.5,10,4.25],"texture":"#texture"},"west":{"uv":[9.25,4,9.5,4.5],"texture":"#texture","rotation":270},"east":{"uv":[10,4,9.75,4.5],"texture":"#texture","rotation":90}}},{"from":[9.25,0,12.25],"to":[11,0.25,12.5],"faces":{"down":{"uv":[9.25,12.5,11,12.25],"texture":"#texture"},"up":{"uv":[9.25,12.25,11,12.5],"texture":"#texture"},"north":{"uv":[11,12.25,9.25,12.5],"texture":"#texture"},"south":{"uv":[9.25,12.5,11,12.25],"texture":"#texture"},"west":{"uv":[9.25,12.25,9.5,12.5],"texture":"#texture","rotation":270},"east":{"uv":[11,12.25,10.75,12.5],"texture":"#texture","rotation":90}}},{"from":[9.5,0,11],"to":[11.25,0.25,11.25],"faces":{"down":{"uv":[9.5,11.25,11.25,11],"texture":"#texture"},"up":{"uv":[9.5,11,11.25,11.25],"texture":"#texture"},"north":{"uv":[11.25,11,9.5,11.25],"texture":"#texture"},"south":{"uv":[9.5,11.25,11.25,11],"texture":"#texture"},"west":{"uv":[9.5,11,9.75,11.25],"texture":"#texture","rotation":270},"east":{"uv":[11.25,11,11,11.25],"texture":"#texture","rotation":90}}},{"from":[9.5,0,11.75],"to":[11.25,0.25,12.25],"faces":{"down":{"uv":[9.5,12.25,11.25,11.75],"texture":"#texture"},"up":{"uv":[9.5,11.75,11.25,12.25],"texture":"#texture"},"north":{"uv":[11.25,11.75,9.5,12],"texture":"#texture"},"south":{"uv":[9.5,12.25,11.25,12],"texture":"#texture"},"west":{"uv":[9.5,11.75,9.75,12.25],"texture":"#texture","rotation":270},"east":{"uv":[11.25,11.75,11,12.25],"texture":"#texture","rotation":90}}},{"from":[9.75,0,1.5],"to":[10,0.25,1.75],"faces":{"down":{"uv":[9.75,1.75,10,1.5],"texture":"#texture"},"up":{"uv":[9.75,1.5,10,1.75],"texture":"#texture"},"north":{"uv":[10,1.5,9.75,1.75],"texture":"#texture"},"west":{"uv":[9.75,1.5,10,1.75],"texture":"#texture","rotation":270},"east":{"uv":[10,1.5,9.75,1.75],"texture":"#texture","rotation":90}}},{"from":[9.75,0,2.25],"to":[10,0.25,3],"faces":{"down":{"uv":[9.75,3,10,2.25],"texture":"#texture"},"up":{"uv":[9.75,2.25,10,3],"texture":"#texture"},"north":{"uv":[10,2.25,9.75,2.5],"texture":"#texture"},"east":{"uv":[10,2.25,9.75,3],"texture":"#texture","rotation":90}}},{"from":[9.75,0,12.5],"to":[10.25,0.25,13],"faces":{"down":{"uv":[9.75,13,10.25,12.5],"texture":"#texture"},"up":{"uv":[9.75,12.5,10.25,13],"texture":"#texture"},"south":{"uv":[9.75,13,10.25,12.75],"texture":"#texture"},"west":{"uv":[9.75,12.5,10,13],"texture":"#texture","rotation":270},"east":{"uv":[10.25,12.5,10,13],"texture":"#texture","rotation":90}}},{"from":[10,0,2.5],"to":[10.5,0.25,3],"faces":{"down":{"uv":[10,3,10.5,2.5],"texture":"#texture"},"up":{"uv":[10,2.5,10.5,3],"texture":"#texture"},"north":{"uv":[10.5,2.5,10,2.75],"texture":"#texture"},"east":{"uv":[10.5,2.5,10.25,3],"texture":"#texture","rotation":90}}},{"from":[10,0,5],"to":[10.5,0.25,5.5],"faces":{"down":{"uv":[10,5.5,10.5,5],"texture":"#texture"},"up":{"uv":[10,5,10.5,5.5],"texture":"#texture"},"north":{"uv":[10.5,5,10,5.25],"texture":"#texture"},"south":{"uv":[10,5.5,10.5,5.25],"texture":"#texture"},"west":{"uv":[10,5,10.25,5.5],"texture":"#texture","rotation":270},"east":{"uv":[10.5,5,10.25,5.5],"texture":"#texture","rotation":90}}},{"from":[10,0,11.25],"to":[11.25,0.25,11.5],"faces":{"down":{"uv":[10,11.5,11.25,11.25],"texture":"#texture"},"up":{"uv":[10,11.25,11.25,11.5],"texture":"#texture"},"south":{"uv":[10,11.5,11.25,11.25],"texture":"#texture"},"west":{"uv":[10,11.25,10.25,11.5],"texture":"#texture","rotation":270},"east":{"uv":[11.25,11.25,11,11.5],"texture":"#texture","rotation":90}}},{"from":[10.25,0,4],"to":[11.25,0.25,4.5],"faces":{"down":{"uv":[10.25,4.5,11.25,4],"texture":"#texture"},"up":{"uv":[10.25,4,11.25,4.5],"texture":"#texture"},"north":{"uv":[11.25,4,10.25,4.25],"texture":"#texture"},"south":{"uv":[10.25,4.5,11.25,4.25],"texture":"#texture"},"west":{"uv":[10.25,4,10.5,4.5],"texture":"#texture","rotation":270},"east":{"uv":[11.25,4,11,4.5],"texture":"#texture","rotation":90}}},{"from":[10.25,0,10.75],"to":[11,0.25,11],"faces":{"down":{"uv":[10.25,11,11,10.75],"texture":"#texture"},"up":{"uv":[10.25,10.75,11,11],"texture":"#texture"},"north":{"uv":[11,10.75,10.25,11],"texture":"#texture"},"west":{"uv":[10.25,10.75,10.5,11],"texture":"#texture","rotation":270},"east":{"uv":[11,10.75,10.75,11],"texture":"#texture","rotation":90}}},{"from":[10.25,0,12.5],"to":[11.75,0.25,12.75],"faces":{"down":{"uv":[10.25,12.75,11.75,12.5],"texture":"#texture"},"up":{"uv":[10.25,12.5,11.75,12.75],"texture":"#texture"},"north":{"uv":[11.75,12.5,10.25,12.75],"texture":"#texture"},"south":{"uv":[10.25,12.75,11.75,12.5],"texture":"#texture"},"east":{"uv":[11.75,12.5,11.5,12.75],"texture":"#texture","rotation":90}}},{"from":[10.5,0,2],"to":[10.75,0.25,2.5],"faces":{"down":{"uv":[10.5,2.5,10.75,2],"texture":"#texture"},"up":{"uv":[10.5,2,10.75,2.5],"texture":"#texture"},"north":{"uv":[10.75,2,10.5,2.25],"texture":"#texture"},"south":{"uv":[10.5,2.5,10.75,2.25],"texture":"#texture"},"west":{"uv":[10.5,2,10.75,2.5],"texture":"#texture","rotation":270},"east":{"uv":[10.75,2,10.5,2.5],"texture":"#texture","rotation":90}}},{"from":[10.5,0,3.25],"to":[10.75,0.25,3.5],"faces":{"down":{"uv":[10.5,3.5,10.75,3.25],"texture":"#texture"},"up":{"uv":[10.5,3.25,10.75,3.5],"texture":"#texture"},"north":{"uv":[10.75,3.25,10.5,3.5],"texture":"#texture"},"east":{"uv":[10.75,3.25,10.5,3.5],"texture":"#texture","rotation":90}}},{"from":[10.5,0,4.5],"to":[10.75,0.25,5],"faces":{"down":{"uv":[10.5,5,10.75,4.5],"texture":"#texture"},"up":{"uv":[10.5,4.5,10.75,5],"texture":"#texture"},"south":{"uv":[10.5,5,10.75,4.75],"texture":"#texture"},"west":{"uv":[10.5,4.5,10.75,5],"texture":"#texture","rotation":270},"east":{"uv":[10.75,4.5,10.5,5],"texture":"#texture","rotation":90}}},{"from":[10.5,0,7.5],"to":[11.25,0.25,8],"faces":{"down":{"uv":[10.5,8,11.25,7.5],"texture":"#texture"},"up":{"uv":[10.5,7.5,11.25,8],"texture":"#texture"},"north":{"uv":[11.25,7.5,10.5,7.75],"texture":"#texture"},"west":{"uv":[10.5,7.5,10.75,8],"texture":"#texture","rotation":270},"east":{"uv":[11.25,7.5,11,8],"texture":"#texture","rotation":90}}},{"from":[10.5,0,10],"to":[10.75,0.25,10.25],"faces":{"down":{"uv":[10.5,10.25,10.75,10],"texture":"#texture"},"up":{"uv":[10.5,10,10.75,10.25],"texture":"#texture"},"south":{"uv":[10.5,10.25,10.75,10],"texture":"#texture"},"east":{"uv":[10.75,10,10.5,10.25],"texture":"#texture","rotation":90}}},{"from":[10.5,0,12.75],"to":[12,0.25,13.25],"faces":{"down":{"uv":[10.5,13.25,12,12.75],"texture":"#texture"},"up":{"uv":[10.5,12.75,12,13.25],"texture":"#texture"},"north":{"uv":[12,12.75,10.5,13],"texture":"#texture"},"south":{"uv":[10.5,13.25,12,13],"texture":"#texture"},"west":{"uv":[10.5,12.75,10.75,13.25],"texture":"#texture","rotation":270},"east":{"uv":[12,12.75,11.75,13.25],"texture":"#texture","rotation":90}}},{"from":[10.75,0,1.75],"to":[11,0.25,2.25],"faces":{"down":{"uv":[10.75,2.25,11,1.75],"texture":"#texture"},"up":{"uv":[10.75,1.75,11,2.25],"texture":"#texture"},"north":{"uv":[11,1.75,10.75,2],"texture":"#texture"},"south":{"uv":[10.75,2.25,11,2],"texture":"#texture"},"west":{"uv":[10.75,1.75,11,2.25],"texture":"#texture","rotation":270},"east":{"uv":[11,1.75,10.75,2.25],"texture":"#texture","rotation":90}}},{"from":[10.75,0,2.5],"to":[11,0.25,2.75],"faces":{"down":{"uv":[10.75,2.75,11,2.5],"texture":"#texture"},"up":{"uv":[10.75,2.5,11,2.75],"texture":"#texture"},"north":{"uv":[11,2.5,10.75,2.75],"texture":"#texture"},"south":{"uv":[10.75,2.75,11,2.5],"texture":"#texture"},"west":{"uv":[10.75,2.5,11,2.75],"texture":"#texture","rotation":270},"east":{"uv":[11,2.5,10.75,2.75],"texture":"#texture","rotation":90}}},{"from":[10.75,0,4.5],"to":[11,0.25,4.75],"faces":{"down":{"uv":[10.75,4.75,11,4.5],"texture":"#texture"},"up":{"uv":[10.75,4.5,11,4.75],"texture":"#texture"},"south":{"uv":[10.75,4.75,11,4.5],"texture":"#texture"},"east":{"uv":[11,4.5,10.75,4.75],"texture":"#texture","rotation":90}}},{"from":[10.75,0,6.25],"to":[11,0.25,6.5],"faces":{"down":{"uv":[10.75,6.5,11,6.25],"texture":"#texture"},"up":{"uv":[10.75,6.25,11,6.5],"texture":"#texture"},"north":{"uv":[11,6.25,10.75,6.5],"texture":"#texture"},"south":{"uv":[10.75,6.5,11,6.25],"texture":"#texture"},"west":{"uv":[10.75,6.25,11,6.5],"texture":"#texture","rotation":270},"east":{"uv":[11,6.25,10.75,6.5],"texture":"#texture","rotation":90}}},{"from":[10.75,0,7],"to":[11.25,0.25,7.25],"faces":{"down":{"uv":[10.75,7.25,11.25,7],"texture":"#texture"},"up":{"uv":[10.75,7,11.25,7.25],"texture":"#texture"},"north":{"uv":[11.25,7,10.75,7.25],"texture":"#texture"},"south":{"uv":[10.75,7.25,11.25,7],"texture":"#texture"},"west":{"uv":[10.75,7,11,7.25],"texture":"#texture","rotation":270},"east":{"uv":[11.25,7,11,7.25],"texture":"#texture","rotation":90}}},{"from":[10.75,0,13.25],"to":[11.25,0.25,13.5],"faces":{"down":{"uv":[10.75,13.5,11.25,13.25],"texture":"#texture"},"up":{"uv":[10.75,13.25,11.25,13.5],"texture":"#texture"},"south":{"uv":[10.75,13.5,11.25,13.25],"texture":"#texture"},"west":{"uv":[10.75,13.25,11,13.5],"texture":"#texture","rotation":270},"east":{"uv":[11.25,13.25,11,13.5],"texture":"#texture","rotation":90}}},{"from":[11,0,3.25],"to":[11.25,0.25,3.5],"faces":{"down":{"uv":[11,3.5,11.25,3.25],"texture":"#texture"},"up":{"uv":[11,3.25,11.25,3.5],"texture":"#texture"},"north":{"uv":[11.25,3.25,11,3.5],"texture":"#texture"},"south":{"uv":[11,3.5,11.25,3.25],"texture":"#texture"},"west":{"uv":[11,3.25,11.25,3.5],"texture":"#texture","rotation":270},"east":{"uv":[11.25,3.25,11,3.5],"texture":"#texture","rotation":90}}},{"from":[11,0,7.25],"to":[11.75,0.25,7.5],"faces":{"down":{"uv":[11,7.5,11.75,7.25],"texture":"#texture"},"up":{"uv":[11,7.25,11.75,7.5],"texture":"#texture"},"north":{"uv":[11.75,7.25,11,7.5],"texture":"#texture"},"south":{"uv":[11,7.5,11.75,7.25],"texture":"#texture"},"west":{"uv":[11,7.25,11.25,7.5],"texture":"#texture","rotation":270},"east":{"uv":[11.75,7.25,11.5,7.5],"texture":"#texture","rotation":90}}},{"from":[11,0,10],"to":[11.75,0.25,10.75],"faces":{"down":{"uv":[11,10.75,11.75,10],"texture":"#texture"},"up":{"uv":[11,10,11.75,10.75],"texture":"#texture"},"north":{"uv":[11.75,10,11,10.25],"texture":"#texture"},"south":{"uv":[11,10.75,11.75,10.5],"texture":"#texture"},"west":{"uv":[11,10,11.25,10.75],"texture":"#texture","rotation":270},"east":{"uv":[11.75,10,11.5,10.75],"texture":"#texture","rotation":90}}},{"from":[11.25,0,1.5],"to":[11.5,0.25,1.75],"faces":{"down":{"uv":[11.25,1.75,11.5,1.5],"texture":"#texture"},"up":{"uv":[11.25,1.5,11.5,1.75],"texture":"#texture"},"north":{"uv":[11.5,1.5,11.25,1.75],"texture":"#texture"},"south":{"uv":[11.25,1.75,11.5,1.5],"texture":"#texture"},"west":{"uv":[11.25,1.5,11.5,1.75],"texture":"#texture","rotation":270},"east":{"uv":[11.5,1.5,11.25,1.75],"texture":"#texture","rotation":90}}},{"from":[11.25,0,5.25],"to":[11.75,0.25,5.75],"faces":{"down":{"uv":[11.25,5.75,11.75,5.25],"texture":"#texture"},"up":{"uv":[11.25,5.25,11.75,5.75],"texture":"#texture"},"north":{"uv":[11.75,5.25,11.25,5.5],"texture":"#texture"},"south":{"uv":[11.25,5.75,11.75,5.5],"texture":"#texture"},"west":{"uv":[11.25,5.25,11.5,5.75],"texture":"#texture","rotation":270},"east":{"uv":[11.75,5.25,11.5,5.75],"texture":"#texture","rotation":90}}},{"from":[11.25,0,6],"to":[11.5,0.25,6.5],"faces":{"down":{"uv":[11.25,6.5,11.5,6],"texture":"#texture"},"up":{"uv":[11.25,6,11.5,6.5],"texture":"#texture"},"north":{"uv":[11.5,6,11.25,6.25],"texture":"#texture"},"south":{"uv":[11.25,6.5,11.5,6.25],"texture":"#texture"},"west":{"uv":[11.25,6,11.5,6.5],"texture":"#texture","rotation":270},"east":{"uv":[11.5,6,11.25,6.5],"texture":"#texture","rotation":90}}},{"from":[11.25,0,6.75],"to":[11.75,0.25,7],"faces":{"down":{"uv":[11.25,7,11.75,6.75],"texture":"#texture"},"up":{"uv":[11.25,6.75,11.75,7],"texture":"#texture"},"north":{"uv":[11.75,6.75,11.25,7],"texture":"#texture"},"south":{"uv":[11.25,7,11.75,6.75],"texture":"#texture"},"west":{"uv":[11.25,6.75,11.5,7],"texture":"#texture","rotation":270},"east":{"uv":[11.75,6.75,11.5,7],"texture":"#texture","rotation":90}}},{"from":[11.25,0,7.5],"to":[11.5,0.25,7.75],"faces":{"down":{"uv":[11.25,7.75,11.5,7.5],"texture":"#texture"},"up":{"uv":[11.25,7.5,11.5,7.75],"texture":"#texture"},"south":{"uv":[11.25,7.75,11.5,7.5],"texture":"#texture"},"east":{"uv":[11.5,7.5,11.25,7.75],"texture":"#texture","rotation":90}}},{"from":[11.5,0,2],"to":[12,0.25,2.75],"faces":{"down":{"uv":[11.5,2.75,12,2],"texture":"#texture"},"up":{"uv":[11.5,2,12,2.75],"texture":"#texture"},"north":{"uv":[12,2,11.5,2.25],"texture":"#texture"},"south":{"uv":[11.5,2.75,12,2.5],"texture":"#texture"},"west":{"uv":[11.5,2,11.75,2.75],"texture":"#texture","rotation":270},"east":{"uv":[12,2,11.75,2.75],"texture":"#texture","rotation":90}}},{"from":[11.5,0,3],"to":[11.75,0.25,3.25],"faces":{"down":{"uv":[11.5,3.25,11.75,3],"texture":"#texture"},"up":{"uv":[11.5,3,11.75,3.25],"texture":"#texture"},"north":{"uv":[11.75,3,11.5,3.25],"texture":"#texture"},"south":{"uv":[11.5,3.25,11.75,3],"texture":"#texture"},"west":{"uv":[11.5,3,11.75,3.25],"texture":"#texture","rotation":270},"east":{"uv":[11.75,3,11.5,3.25],"texture":"#texture","rotation":90}}},{"from":[11.5,0,8.5],"to":[11.75,0.25,9],"faces":{"down":{"uv":[11.5,9,11.75,8.5],"texture":"#texture"},"up":{"uv":[11.5,8.5,11.75,9],"texture":"#texture"},"north":{"uv":[11.75,8.5,11.5,8.75],"texture":"#texture"},"south":{"uv":[11.5,9,11.75,8.75],"texture":"#texture"},"west":{"uv":[11.5,8.5,11.75,9],"texture":"#texture","rotation":270},"east":{"uv":[11.75,8.5,11.5,9],"texture":"#texture","rotation":90}}},{"from":[11.75,0,7.75],"to":[12.25,0.25,8.25],"faces":{"down":{"uv":[11.75,8.25,12.25,7.75],"texture":"#texture"},"up":{"uv":[11.75,7.75,12.25,8.25],"texture":"#texture"},"north":{"uv":[12.25,7.75,11.75,8],"texture":"#texture"},"south":{"uv":[11.75,8.25,12.25,8],"texture":"#texture"},"west":{"uv":[11.75,7.75,12,8.25],"texture":"#texture","rotation":270},"east":{"uv":[12.25,7.75,12,8.25],"texture":"#texture","rotation":90}}},{"from":[11.75,0,10.25],"to":[12,0.25,10.75],"faces":{"down":{"uv":[11.75,10.75,12,10.25],"texture":"#texture"},"up":{"uv":[11.75,10.25,12,10.75],"texture":"#texture"},"north":{"uv":[12,10.25,11.75,10.5],"texture":"#texture"},"south":{"uv":[11.75,10.75,12,10.5],"texture":"#texture"},"east":{"uv":[12,10.25,11.75,10.75],"texture":"#texture","rotation":90}}},{"from":[11.75,0,13.25],"to":[12,0.25,13.5],"faces":{"down":{"uv":[11.75,13.5,12,13.25],"texture":"#texture"},"up":{"uv":[11.75,13.25,12,13.5],"texture":"#texture"},"south":{"uv":[11.75,13.5,12,13.25],"texture":"#texture"},"west":{"uv":[11.75,13.25,12,13.5],"texture":"#texture","rotation":270},"east":{"uv":[12,13.25,11.75,13.5],"texture":"#texture","rotation":90}}},{"from":[11.75,0,14],"to":[12.5,0.25,14.75],"faces":{"down":{"uv":[11.75,14.75,12.5,14],"texture":"#texture"},"up":{"uv":[11.75,14,12.5,14.75],"texture":"#texture"},"north":{"uv":[12.5,14,11.75,14.25],"texture":"#texture"},"south":{"uv":[11.75,14.75,12.5,14.5],"texture":"#texture"},"west":{"uv":[11.75,14,12,14.75],"texture":"#texture","rotation":270},"east":{"uv":[12.5,14,12.25,14.75],"texture":"#texture","rotation":90}}},{"from":[12,0,2],"to":[12.25,0.25,2.25],"faces":{"down":{"uv":[12,2.25,12.25,2],"texture":"#texture"},"up":{"uv":[12,2,12.25,2.25],"texture":"#texture"},"north":{"uv":[12.25,2,12,2.25],"texture":"#texture"},"south":{"uv":[12,2.25,12.25,2],"texture":"#texture"},"east":{"uv":[12.25,2,12,2.25],"texture":"#texture","rotation":90}}},{"from":[12,0,2.5],"to":[12.5,0.25,2.75],"faces":{"down":{"uv":[12,2.75,12.5,2.5],"texture":"#texture"},"up":{"uv":[12,2.5,12.5,2.75],"texture":"#texture"},"north":{"uv":[12.5,2.5,12,2.75],"texture":"#texture"},"south":{"uv":[12,2.75,12.5,2.5],"texture":"#texture"},"east":{"uv":[12.5,2.5,12.25,2.75],"texture":"#texture","rotation":90}}},{"from":[12,0,5.75],"to":[13,0.25,6],"faces":{"down":{"uv":[12,6,13,5.75],"texture":"#texture"},"up":{"uv":[12,5.75,13,6],"texture":"#texture"},"north":{"uv":[13,5.75,12,6],"texture":"#texture"},"south":{"uv":[12,6,13,5.75],"texture":"#texture"},"west":{"uv":[12,5.75,12.25,6],"texture":"#texture","rotation":270},"east":{"uv":[13,5.75,12.75,6],"texture":"#texture","rotation":90}}},{"from":[12,0,10.5],"to":[12.25,0.25,10.75],"faces":{"down":{"uv":[12,10.75,12.25,10.5],"texture":"#texture"},"up":{"uv":[12,10.5,12.25,10.75],"texture":"#texture"},"north":{"uv":[12.25,10.5,12,10.75],"texture":"#texture"},"south":{"uv":[12,10.75,12.25,10.5],"texture":"#texture"},"east":{"uv":[12.25,10.5,12,10.75],"texture":"#texture","rotation":90}}},{"from":[12,0,13.75],"to":[12.25,0.25,14],"faces":{"down":{"uv":[12,14,12.25,13.75],"texture":"#texture"},"up":{"uv":[12,13.75,12.25,14],"texture":"#texture"},"north":{"uv":[12.25,13.75,12,14],"texture":"#texture"},"west":{"uv":[12,13.75,12.25,14],"texture":"#texture","rotation":270},"east":{"uv":[12.25,13.75,12,14],"texture":"#texture","rotation":90}}},{"from":[12.25,0,2.25],"to":[12.5,0.25,2.5],"faces":{"down":{"uv":[12.25,2.5,12.5,2.25],"texture":"#texture"},"up":{"uv":[12.25,2.25,12.5,2.5],"texture":"#texture"},"north":{"uv":[12.5,2.25,12.25,2.5],"texture":"#texture"},"west":{"uv":[12.25,2.25,12.5,2.5],"texture":"#texture","rotation":270},"east":{"uv":[12.5,2.25,12.25,2.5],"texture":"#texture","rotation":90}}},{"from":[12.25,0,7.5],"to":[12.75,0.25,8],"faces":{"down":{"uv":[12.25,8,12.75,7.5],"texture":"#texture"},"up":{"uv":[12.25,7.5,12.75,8],"texture":"#texture"},"north":{"uv":[12.75,7.5,12.25,7.75],"texture":"#texture"},"south":{"uv":[12.25,8,12.75,7.75],"texture":"#texture"},"west":{"uv":[12.25,7.5,12.5,8],"texture":"#texture","rotation":270},"east":{"uv":[12.75,7.5,12.5,8],"texture":"#texture","rotation":90}}},{"from":[12.25,0,8.5],"to":[12.75,0.25,8.75],"faces":{"down":{"uv":[12.25,8.75,12.75,8.5],"texture":"#texture"},"up":{"uv":[12.25,8.5,12.75,8.75],"texture":"#texture"},"north":{"uv":[12.75,8.5,12.25,8.75],"texture":"#texture"},"south":{"uv":[12.25,8.75,12.75,8.5],"texture":"#texture"},"west":{"uv":[12.25,8.5,12.5,8.75],"texture":"#texture","rotation":270},"east":{"uv":[12.75,8.5,12.5,8.75],"texture":"#texture","rotation":90}}},{"from":[12.25,0,11.5],"to":[12.5,0.25,11.75],"faces":{"down":{"uv":[12.25,11.75,12.5,11.5],"texture":"#texture"},"up":{"uv":[12.25,11.5,12.5,11.75],"texture":"#texture"},"north":{"uv":[12.5,11.5,12.25,11.75],"texture":"#texture"},"south":{"uv":[12.25,11.75,12.5,11.5],"texture":"#texture"},"west":{"uv":[12.25,11.5,12.5,11.75],"texture":"#texture","rotation":270},"east":{"uv":[12.5,11.5,12.25,11.75],"texture":"#texture","rotation":90}}},{"from":[12.25,0,14.75],"to":[12.5,0.25,15],"faces":{"down":{"uv":[12.25,15,12.5,14.75],"texture":"#texture"},"up":{"uv":[12.25,14.75,12.5,15],"texture":"#texture"},"south":{"uv":[12.25,15,12.5,14.75],"texture":"#texture"},"west":{"uv":[12.25,14.75,12.5,15],"texture":"#texture","rotation":270},"east":{"uv":[12.5,14.75,12.25,15],"texture":"#texture","rotation":90}}},{"from":[12.5,0,3],"to":[12.75,0.25,3.25],"faces":{"down":{"uv":[12.5,3.25,12.75,3],"texture":"#texture"},"up":{"uv":[12.5,3,12.75,3.25],"texture":"#texture"},"north":{"uv":[12.75,3,12.5,3.25],"texture":"#texture"},"south":{"uv":[12.5,3.25,12.75,3],"texture":"#texture"},"west":{"uv":[12.5,3,12.75,3.25],"texture":"#texture","rotation":270},"east":{"uv":[12.75,3,12.5,3.25],"texture":"#texture","rotation":90}}},{"from":[12.5,0,5.5],"to":[12.75,0.25,5.75],"faces":{"down":{"uv":[12.5,5.75,12.75,5.5],"texture":"#texture"},"up":{"uv":[12.5,5.5,12.75,5.75],"texture":"#texture"},"north":{"uv":[12.75,5.5,12.5,5.75],"texture":"#texture"},"west":{"uv":[12.5,5.5,12.75,5.75],"texture":"#texture","rotation":270},"east":{"uv":[12.75,5.5,12.5,5.75],"texture":"#texture","rotation":90}}},{"from":[12.5,0,6],"to":[12.75,0.25,6.25],"faces":{"down":{"uv":[12.5,6.25,12.75,6],"texture":"#texture"},"up":{"uv":[12.5,6,12.75,6.25],"texture":"#texture"},"south":{"uv":[12.5,6.25,12.75,6],"texture":"#texture"},"west":{"uv":[12.5,6,12.75,6.25],"texture":"#texture","rotation":270},"east":{"uv":[12.75,6,12.5,6.25],"texture":"#texture","rotation":90}}},{"from":[12.75,0,2.5],"to":[13,0.25,3],"faces":{"down":{"uv":[12.75,3,13,2.5],"texture":"#texture"},"up":{"uv":[12.75,2.5,13,3],"texture":"#texture"},"north":{"uv":[13,2.5,12.75,2.75],"texture":"#texture"},"south":{"uv":[12.75,3,13,2.75],"texture":"#texture"},"west":{"uv":[12.75,2.5,13,3],"texture":"#texture","rotation":270},"east":{"uv":[13,2.5,12.75,3],"texture":"#texture","rotation":90}}},{"from":[12.75,0,7.5],"to":[13,0.25,7.75],"faces":{"down":{"uv":[12.75,7.75,13,7.5],"texture":"#texture"},"up":{"uv":[12.75,7.5,13,7.75],"texture":"#texture"},"north":{"uv":[13,7.5,12.75,7.75],"texture":"#texture"},"south":{"uv":[12.75,7.75,13,7.5],"texture":"#texture"},"east":{"uv":[13,7.5,12.75,7.75],"texture":"#texture","rotation":90}}},{"from":[13,0,8],"to":[13.25,0.25,8.75],"faces":{"down":{"uv":[13,8.75,13.25,8],"texture":"#texture"},"up":{"uv":[13,8,13.25,8.75],"texture":"#texture"},"north":{"uv":[13.25,8,13,8.25],"texture":"#texture"},"south":{"uv":[13,8.75,13.25,8.5],"texture":"#texture"},"west":{"uv":[13,8,13.25,8.75],"texture":"#texture","rotation":270},"east":{"uv":[13.25,8,13,8.75],"texture":"#texture","rotation":90}}},{"from":[13.5,0,9.25],"to":[14.25,0.25,9.5],"faces":{"down":{"uv":[13.5,9.5,14.25,9.25],"texture":"#texture"},"up":{"uv":[13.5,9.25,14.25,9.5],"texture":"#texture"},"north":{"uv":[14.25,9.25,13.5,9.5],"texture":"#texture"},"south":{"uv":[13.5,9.5,14.25,9.25],"texture":"#texture"},"west":{"uv":[13.5,9.25,13.75,9.5],"texture":"#texture","rotation":270},"east":{"uv":[14.25,9.25,14,9.5],"texture":"#texture","rotation":90}}},{"from":[13.75,0,5.25],"to":[14,0.25,5.5],"faces":{"down":{"uv":[13.75,5.5,14,5.25],"texture":"#texture"},"up":{"uv":[13.75,5.25,14,5.5],"texture":"#texture"},"north":{"uv":[14,5.25,13.75,5.5],"texture":"#texture"},"south":{"uv":[13.75,5.5,14,5.25],"texture":"#texture"},"west":{"uv":[13.75,5.25,14,5.5],"texture":"#texture","rotation":270},"east":{"uv":[14,5.25,13.75,5.5],"texture":"#texture","rotation":90}}},{"from":[14,0,7.5],"to":[14.25,0.25,7.75],"faces":{"down":{"uv":[14,7.75,14.25,7.5],"texture":"#texture"},"up":{"uv":[14,7.5,14.25,7.75],"texture":"#texture"},"north":{"uv":[14.25,7.5,14,7.75],"texture":"#texture"},"south":{"uv":[14,7.75,14.25,7.5],"texture":"#texture"},"west":{"uv":[14,7.5,14.25,7.75],"texture":"#texture","rotation":270},"east":{"uv":[14.25,7.5,14,7.75],"texture":"#texture","rotation":90}}},{"from":[14.5,0,9.25],"to":[14.75,0.25,9.5],"faces":{"down":{"uv":[14.5,9.5,14.75,9.25],"texture":"#texture"},"up":{"uv":[14.5,9.25,14.75,9.5],"texture":"#texture"},"north":{"uv":[14.75,9.25,14.5,9.5],"texture":"#texture"},"south":{"uv":[14.5,9.5,14.75,9.25],"texture":"#texture"},"west":{"uv":[14.5,9.25,14.75,9.5],"texture":"#texture","rotation":270},"east":{"uv":[14.75,9.25,14.5,9.5],"texture":"#texture","rotation":90}}},{"from":[14.75,0,9],"to":[15,0.25,9.25],"faces":{"down":{"uv":[14.75,9.25,15,9],"texture":"#texture"},"up":{"uv":[14.75,9,15,9.25],"texture":"#texture"},"north":{"uv":[15,9,14.75,9.25],"texture":"#texture"},"south":{"uv":[14.75,9.25,15,9],"texture":"#texture"},"west":{"uv":[14.75,9,15,9.25],"texture":"#texture","rotation":270},"east":{"uv":[15,9,14.75,9.25],"texture":"#texture","rotation":90}}}]}