{"__comment":"Designed by Ignitingice with BDcraft Cubik PRO 0.93 Beta - http://bdcraft.net","ambientocclusion":false,"parent":"block/block","textures":{"particle":"blocks/barricade","texture":"blocks/barricade"},"elements":[{"__comment":"Block","from":[0.5,0.5,0.5],"to":[15.5,15.5,15.5],"faces":{"down":{"uv":[15.5,15.5,0.5,0.5],"texture":"#texture"},"up":{"uv":[0.5,0.5,15.5,15.5],"texture":"#texture"},"north":{"uv":[0.5,0.5,15.5,15.5],"texture":"#texture"},"south":{"uv":[0.5,0.5,15.5,15.5],"texture":"#texture"},"west":{"uv":[0.5,0.5,15.5,15.5],"texture":"#texture"},"east":{"uv":[0.5,0.5,15.5,15.5],"texture":"#texture"}}},{"__comment":"Border","from":[0,14.5,0],"to":[1.5,16,16],"faces":{"down":{"uv":[16,16,14.5,0],"texture":"#texture"},"up":{"uv":[0,0,1.5,16],"texture":"#texture"},"north":{"uv":[14.5,0,16,1.5],"texture":"#texture"},"south":{"uv":[0,0,1.5,1.5],"texture":"#texture"},"west":{"uv":[0,0,16,1.5],"texture":"#texture"},"east":{"uv":[0,0,16,1.5],"texture":"#texture"}}},{"__comment":"Border","from":[14.5,0,0],"to":[16,1.5,16],"faces":{"down":{"uv":[1.5,16,0,0],"texture":"#texture"},"up":{"uv":[0,0,1.5,16],"texture":"#texture"},"north":{"uv":[0,14.5,1.5,16],"texture":"#texture"},"south":{"uv":[14.5,14.5,16,16],"texture":"#texture"},"west":{"uv":[0,14.5,16,16],"texture":"#texture"},"east":{"uv":[0,14.5,16,16],"texture":"#texture"}}},{"__comment":"Border","from":[0,0,0],"to":[1.5,1.5,16],"faces":{"down":{"uv":[16,16,14.5,0],"texture":"#texture"},"up":{"uv":[0,0,1.5,16],"texture":"#texture"},"north":{"uv":[14.5,14.5,16,16],"texture":"#texture"},"south":{"uv":[0,14.5,1.5,16],"texture":"#texture"},"west":{"uv":[0,14.5,16,16],"texture":"#texture"},"east":{"uv":[0,0,16,1.5],"texture":"#texture"}}},{"__comment":"Border","from":[14.5,14.5,0],"to":[16,16,16],"faces":{"down":{"uv":[1.5,16,0,0],"texture":"#texture"},"up":{"uv":[14.5,0,16,16],"texture":"#texture"},"north":{"uv":[0,0,1.5,1.5],"texture":"#texture"},"south":{"uv":[14.5,0,16,1.5],"texture":"#texture"},"west":{"uv":[0,14.5,16,16],"texture":"#texture"},"east":{"uv":[0,0,16,1.5],"texture":"#texture"}}},{"__comment":"Border","from":[1.5,14.5,14.5],"to":[14.5,16,16],"faces":{"down":{"uv":[14.5,1.5,1.5,0],"texture":"#texture"},"up":{"uv":[1.5,14.5,14.5,16],"texture":"#texture"},"north":{"uv":[1.5,14.5,14.5,16],"texture":"#texture"},"south":{"uv":[1.5,0,14.5,1.5],"texture":"#texture"}}},{"__comment":"Border","from":[1.5,14.5,0],"to":[14.5,16,1.5],"faces":{"down":{"uv":[1.5,14.5,14.5,16],"texture":"#texture"},"up":{"uv":[1.5,0,14.5,1.5],"texture":"#texture"},"north":{"uv":[1.5,0,14.5,1.5],"texture":"#texture"},"south":{"uv":[1.5,14.5,14.5,16],"texture":"#texture"}}},{"__comment":"Border","from":[0,1.5,0],"to":[1.5,14.5,1.5],"faces":{"north":{"uv":[14.5,1.5,16,14.5],"texture":"#texture"},"south":{"uv":[0,1.5,1.5,14.5],"texture":"#texture"},"west":{"uv":[0,1.5,1.5,14.5],"texture":"#texture"},"east":{"uv":[14.5,1.5,16,14.5],"texture":"#texture"}}},{"__comment":"Border","from":[0,1.5,14.5],"to":[1.5,14.5,16],"faces":{"north":{"uv":[14.5,1.5,16,14.5],"texture":"#texture"},"south":{"uv":[0,1.5,1.5,14.5],"texture":"#texture"},"west":{"uv":[14.5,1.5,16,14.5],"texture":"#texture"},"east":{"uv":[0,1.5,1.5,14.5],"texture":"#texture"}}},{"__comment":"Border","from":[14.5,1.5,14.5],"to":[16,14.5,16],"faces":{"north":{"uv":[0,1.5,1.5,14.5],"texture":"#texture"},"south":{"uv":[14.5,1.5,16,14.5],"texture":"#texture"},"west":{"uv":[14.5,1.5,16,14.5],"texture":"#texture"},"east":{"uv":[0,1.5,1.5,14.5],"texture":"#texture"}}},{"__comment":"Border","from":[14.5,1.5,0],"to":[16,14.5,1.5],"faces":{"north":{"uv":[0,1.5,1.5,14.5],"texture":"#texture"},"south":{"uv":[14.5,1.5,16,14.5],"texture":"#texture"},"west":{"uv":[0,1.5,1.5,14.5],"texture":"#texture"},"east":{"uv":[14.5,1.5,16,14.5],"texture":"#texture"}}},{"__comment":"Border","from":[1.5,0,0],"to":[14.5,1.5,1.5],"faces":{"down":{"uv":[1.5,14.5,14.5,16],"texture":"#texture"},"up":{"uv":[1.5,14.5,14.5,16],"texture":"#texture"},"north":{"uv":[1.5,14.5,14.5,16],"texture":"#texture"},"south":{"uv":[1.5,14.5,14.5,16],"texture":"#texture"}}},{"__comment":"Border","from":[1.5,0,14.5],"to":[14.5,1.5,16],"faces":{"down":{"uv":[1.5,14.5,14.5,16],"texture":"#texture"},"up":{"uv":[1.5,14.5,14.5,16],"texture":"#texture"},"north":{"uv":[1.5,14.5,14.5,16],"texture":"#texture"},"south":{"uv":[1.5,14.5,14.5,16],"texture":"#texture"}}}]}