{
	"__comment": "Designed by IgnitingIce with Cubik Studio - https://cubik.studio",
	"ambientocclusion": false,
	"textures": {
		"particle": "blocks/door_birch_upper",
		"texture": "blocks/door_birch_upper",
		"extra": "blocks/door_birch"
	},
	"elements": [ 	 
		{
			"from": [ 0, 14, 1.5 ],
			"to": [ 3, 16, 14.5 ],
			"faces": {
				"down": { "uv": [ 0, 1.5, 3, 14.5 ], "texture": "#extra" },
				"up": { "uv": [ 0, 1.5, 3, 14.5 ], "texture": "#extra", "cullface": "up" },
				"west": { "uv": [ 14.5, 0, 1.5, 2 ], "texture": "#texture", "cullface": "west" },
				"east": { "uv": [ 14.5, 0, 1.5, 2 ], "texture": "#texture" }
			}
		},
		{
			"from": [ 0, 0, 0 ],
			"to": [ 3, 16, 1.5 ],
			"faces": {
				"up": { "uv": [ 0, 0, 3, 1.5 ], "texture": "#extra", "cullface": "up" },
				"north": { "uv": [ 0, 0, 3, 16 ], "texture": "#extra", "cullface": "north" },
				"south": { "uv": [ 0, 0, 3, 16 ], "texture": "#extra" },
				"west": { "uv": [ 16, 0, 14.5, 16 ], "texture": "#texture", "cullface": "west" },
				"east": { "uv": [ 1.5, 0, 0, 16 ], "texture": "#texture" }
			}
		},
		{
			"from": [ 0, 0, 14.5 ],
			"to": [ 3, 16, 16 ],
			"faces": {
				"up": { "uv": [ 0, 1.5, 3, 0 ], "texture": "#extra", "cullface": "up" },
				"north": { "uv": [ 0, 0, 3, 16 ], "texture": "#extra" },
				"south": { "uv": [ 0, 0, 3, 16 ], "texture": "#extra", "cullface": "south" },
				"west": { "uv": [ 1.5, 0, 0, 16 ], "texture": "#texture", "cullface": "west" },
				"east": { "uv": [ 16, 0, 14.5, 16 ], "texture": "#texture" }
			}
		},
		{
			"from": [ 1, 0, 1.5 ],
			"to": [ 2, 14, 14.5 ],
			"faces": {
				"west": { "uv": [ 1.5, 2, 14.5, 16 ], "texture": "#texture" },
				"east": { "uv": [ 1.5, 2, 14.5, 16 ], "texture": "#texture" }
			}
		},
		{
			"from": [ 0.25, 0, 1.5 ],
			"to": [ 0.75, 2, 4 ],
			"faces": {
				"up": { "uv": [ 3, 3.5, 3.5, 6 ], "texture": "#extra" },
				"south": { "uv": [ 3, 3.5, 3.5, 5.5 ], "texture": "#extra" },
				"west": { "uv": [ 5.5, 3.5, 3, 5.5 ], "texture": "#extra" },
				"east": { "uv": [ 3, 3.5, 5.5, 5.5 ], "texture": "#extra" }
			}
		},
		{
			"from": [ 2.25, 0, 1.5 ],
			"to": [ 2.75, 2, 4 ],
			"faces": {
				"up": { "uv": [ 3, 3.5, 3.5, 6 ], "texture": "#extra" },
				"south": { "uv": [ 3, 3.5, 3.5, 5.5 ], "texture": "#extra" },
				"west": { "uv": [ 5.5, 3.5, 3, 5.5 ], "texture": "#extra" },
				"east": { "uv": [ 3, 3.5, 5.5, 5.5 ], "texture": "#extra" }
			}
		}
	]
}