{
	"__comment": "Designed by Ignitingice with Cubik Studio - https://cubik.studio",
	"ambientocclusion": false,
	"textures": {
		"ground": "block/nether_bricks",
		"red": "guns/red1",
		"white": "guns/silver1",
		"gray": "guns/gray3"
	},
	"elements": [ 	 
		{
			"__comment": "PlaneY2",
			"from": [ 0, 0, 0 ],
			"to": [ 16, 0.001, 16 ],
			"faces": {
				"down": { "uv": [ 0, 0, 16, 16 ], "texture": "#ground" },
				"up": { "uv": [ 0, 0, 16, 16 ], "texture": "#ground" }
			}
		},
		{
			"__comment": "Element",
			"from": [ 5.8752, 1.7004, 12.8875 ],
			"to": [ 10.1252, 2.5504, 13.3125 ],
			"faces": {
				"down": { "uv": [ 5.5, 0.5, 10.5, 1 ], "texture": "#gray" },
				"up": { "uv": [ 10.5, 1, 5.5, 0.5 ], "texture": "#gray" },
				"north": { "uv": [ 7.5, 5.5, 8.5, 10.5 ], "texture": "#gray", "rotation": 270 }
			}
		},
		{
			"__comment": "Element",
			"from": [ 5.025, 1.7004, 11.6126 ],
			"to": [ 5.875, 2.5504, 13.3126 ],
			"faces": {
				"down": { "uv": [ 4.5, 0.5, 5.5, 2.5 ], "texture": "#gray" },
				"up": { "uv": [ 11.5, 2.5, 10.5, 0.5 ], "texture": "#gray" },
				"south": { "uv": [ 7.5, 10.5, 8.5, 11.5 ], "texture": "#gray", "rotation": 90 },
				"west": { "uv": [ 8.5, 2.5, 7.5, 0.5 ], "texture": "#gray", "rotation": 270 },
				"east": { "uv": [ 8.5, 2.5, 7.5, 0.5 ], "texture": "#gray", "rotation": 90 }
			}
		},
		{
			"__comment": "Element",
			"from": [ 10.1252, 1.7004, 11.6125 ],
			"to": [ 10.9752, 2.5504, 13.3125 ],
			"faces": {
				"down": { "uv": [ 10.5, 0.5, 11.5, 2.5 ], "texture": "#gray" },
				"up": { "uv": [ 5.5, 2.5, 4.5, 0.5 ], "texture": "#gray" },
				"south": { "uv": [ 7.5, 4.5, 8.5, 5.5 ], "texture": "#gray", "rotation": 90 },
				"west": { "uv": [ 8.5, 2.5, 7.5, 0.5 ], "texture": "#gray", "rotation": 270 },
				"east": { "uv": [ 8.5, 2.5, 7.5, 0.5 ], "texture": "#gray", "rotation": 90 }
			}
		},
		{
			"__comment": "Element",
			"from": [ 5.4502, 1.7004, 13.3125 ],
			"to": [ 10.5502, 2.5504, 13.7375 ],
			"faces": {
				"down": { "uv": [ 5, 0, 11, 0.5 ], "texture": "#gray" },
				"up": { "uv": [ 11, 0.5, 5, 0 ], "texture": "#gray" },
				"north": { "uv": [ 7.5, 5, 8.5, 11 ], "texture": "#gray", "rotation": 270 },
				"south": { "uv": [ 7.5, 5, 8.5, 11 ], "texture": "#gray", "rotation": 90 },
				"west": { "uv": [ 8.5, 0.5, 7.5, 0 ], "texture": "#gray", "rotation": 270 },
				"east": { "uv": [ 8.5, 0.5, 7.5, 0 ], "texture": "#gray", "rotation": 90 }
			}
		},
		{
			"__comment": "Element",
			"from": [ 13.9498, 0.425, 2.2623 ],
			"to": [ 14.3748, 3.825, 3.1123 ],
			"faces": {
				"down": { "uv": [ 15, 12.5, 15.5, 13.5 ], "texture": "#red" },
				"up": { "uv": [ 1, 13.5, 0.5, 12.5 ], "texture": "#red" },
				"north": { "uv": [ 6, 0.5, 10, 1 ], "texture": "#red", "rotation": 270 },
				"west": { "uv": [ 10, 13.5, 6, 12.5 ], "texture": "#red", "rotation": 270 },
				"east": { "uv": [ 10, 13.5, 6, 12.5 ], "texture": "#red", "rotation": 90 }
			}
		},
		{
			"__comment": "Element",
			"from": [ 1.625, 0.425, 2.2623 ],
			"to": [ 13.95, 3.825, 2.6873 ],
			"faces": {
				"down": { "uv": [ 0.5, 13, 15, 13.5 ], "texture": "#red" },
				"up": { "uv": [ 15.5, 13.5, 1, 13 ], "texture": "#red" },
				"north": { "uv": [ 6, 1, 10, 15.5 ], "texture": "#red", "rotation": 270 },
				"south": { "uv": [ 6, 1, 10, 15.5 ], "texture": "#red", "rotation": 90 },
				"west": { "uv": [ 10, 13.5, 6, 13 ], "texture": "#red", "rotation": 270 }
			}
		},
		{
			"__comment": "Element",
			"from": [ 14.3748, 0.425, 2.6873 ],
			"to": [ 14.7998, 3.825, 11.1873 ],
			"faces": {
				"down": { "uv": [ 15.5, 3, 16, 13 ], "texture": "#red" },
				"up": { "uv": [ 0.5, 13, 0, 3 ], "texture": "#red" },
				"north": { "uv": [ 6, 0, 10, 0.5 ], "texture": "#red", "rotation": 270 },
				"south": { "uv": [ 6, 0, 10, 0.5 ], "texture": "#red", "rotation": 90 },
				"west": { "uv": [ 10, 13, 6, 3 ], "texture": "#red", "rotation": 270 },
				"east": { "uv": [ 10, 13, 6, 3 ], "texture": "#red", "rotation": 90 }
			}
		},
		{
			"__comment": "Element",
			"from": [ 1.1997, 0.425, 2.6876 ],
			"to": [ 2.0497, 3.825, 3.1126 ],
			"faces": {
				"down": { "uv": [ 0, 12.5, 1, 13 ], "texture": "#red" },
				"up": { "uv": [ 16, 13, 15, 12.5 ], "texture": "#red" },
				"north": { "uv": [ 6, 15, 10, 16 ], "texture": "#red", "rotation": 270 },
				"south": { "uv": [ 6, 15, 10, 16 ], "texture": "#red", "rotation": 90 },
				"west": { "uv": [ 10, 13, 6, 12.5 ], "texture": "#red", "rotation": 270 }
			}
		},
		{
			"__comment": "Element",
			"from": [ 1.1997, 0.425, 3.1126 ],
			"to": [ 1.6247, 3.825, 11.1876 ],
			"faces": {
				"down": { "uv": [ 0, 3, 0.5, 12.5 ], "texture": "#red" },
				"up": { "uv": [ 16, 12.5, 15.5, 3 ], "texture": "#red" },
				"south": { "uv": [ 6, 15.5, 10, 16 ], "texture": "#red", "rotation": 90 },
				"west": { "uv": [ 10, 12.5, 6, 3 ], "texture": "#red", "rotation": 270 },
				"east": { "uv": [ 10, 12.5, 6, 3 ], "texture": "#red", "rotation": 90 }
			}
		},
		{
			"__comment": "Element",
			"from": [ 13.9502, 0.4253, 10.7625 ],
			"to": [ 14.3752, 3.8253, 11.6125 ],
			"faces": {
				"down": { "uv": [ 15, 2.5, 15.5, 3.5 ], "texture": "#red" },
				"up": { "uv": [ 1, 3.5, 0.5, 2.5 ], "texture": "#red" },
				"south": { "uv": [ 6, 0.5, 10, 1 ], "texture": "#red", "rotation": 90 },
				"west": { "uv": [ 10, 3.5, 6, 2.5 ], "texture": "#red", "rotation": 270 },
				"east": { "uv": [ 10, 3.5, 6, 2.5 ], "texture": "#red", "rotation": 90 }
			}
		},
		{
			"__comment": "Element",
			"from": [ 1.625, 0.4253, 10.7627 ],
			"to": [ 2.05, 3.8253, 11.6127 ],
			"faces": {
				"down": { "uv": [ 0.5, 2.5, 1, 3.5 ], "texture": "#red" },
				"up": { "uv": [ 15.5, 3.5, 15, 2.5 ], "texture": "#red" },
				"south": { "uv": [ 6, 15, 10, 15.5 ], "texture": "#red", "rotation": 90 },
				"west": { "uv": [ 10, 3.5, 6, 2.5 ], "texture": "#red", "rotation": 270 },
				"east": { "uv": [ 10, 3.5, 6, 2.5 ], "texture": "#red", "rotation": 90 }
			}
		},
		{
			"__comment": "Element",
			"from": [ 2.0502, 0.4254, 11.1875 ],
			"to": [ 13.9502, 3.8254, 11.6125 ],
			"faces": {
				"down": { "uv": [ 1, 2.5, 15, 3 ], "texture": "#red" },
				"up": { "uv": [ 15, 3, 1, 2.5 ], "texture": "#red" },
				"north": { "uv": [ 6, 1, 10, 15 ], "texture": "#red", "rotation": 270 },
				"south": { "uv": [ 6, 1, 10, 15 ], "texture": "#red", "rotation": 90 }
			}
		},
		{
			"__comment": "Element",
			"from": [ 10.975, 0, 2.6873 ],
			"to": [ 13.95, 4.25, 11.1873 ],
			"faces": {
				"down": { "uv": [ 11.5, 3, 15, 13 ], "texture": "#red" },
				"up": { "uv": [ 4.5, 13, 1, 3 ], "texture": "#red" },
				"north": { "uv": [ 5.5, 1, 10.5, 4.5 ], "texture": "#red", "rotation": 270 },
				"south": { "uv": [ 5.5, 1, 10.5, 4.5 ], "texture": "#red", "rotation": 90 },
				"west": { "uv": [ 10.5, 13, 5.5, 3 ], "texture": "#red", "rotation": 270 },
				"east": { "uv": [ 10.5, 13, 5.5, 3 ], "texture": "#red", "rotation": 90 }
			}
		},
		{
			"__comment": "Element",
			"from": [ 9.275, 0, 2.6873 ],
			"to": [ 10.975, 4.25, 5.6623 ],
			"faces": {
				"down": { "uv": [ 9.5, 9.5, 11.5, 13 ], "texture": "#red" },
				"up": { "uv": [ 6.5, 13, 4.5, 9.5 ], "texture": "#red" },
				"north": { "uv": [ 5.5, 4.5, 10.5, 6.5 ], "texture": "#red", "rotation": 270 },
				"south": { "uv": [ 5.5, 4.5, 10.5, 6.5 ], "texture": "#red", "rotation": 90 },
				"west": { "uv": [ 10.5, 13, 5.5, 9.5 ], "texture": "#red", "rotation": 270 }
			}
		},
		{
			"__comment": "Element",
			"from": [ 6.7248, 0, 2.6874 ],
			"to": [ 9.274799, 4.25, 3.9624 ],
			"faces": {
				"down": { "uv": [ 6.5, 11.5, 9.5, 13 ], "texture": "#red" },
				"up": { "uv": [ 9.5, 13, 6.5, 11.5 ], "texture": "#red" },
				"north": { "uv": [ 5.5, 6.5, 10.5, 9.5 ], "texture": "#red", "rotation": 270 },
				"south": { "uv": [ 5.5, 6.5, 10.5, 9.5 ], "texture": "#red", "rotation": 90 }
			}
		},
		{
			"__comment": "Element",
			"from": [ 13.95, 0, 3.1123 ],
			"to": [ 14.375, 4.25, 10.7623 ],
			"faces": {
				"down": { "uv": [ 15, 3.5, 15.5, 12.5 ], "texture": "#red" },
				"up": { "uv": [ 1, 12.5, 0.5, 3.5 ], "texture": "#red" },
				"north": { "uv": [ 5.5, 0.5, 10.5, 1 ], "texture": "#red", "rotation": 270 },
				"south": { "uv": [ 5.5, 0.5, 10.5, 1 ], "texture": "#red", "rotation": 90 },
				"east": { "uv": [ 10.5, 12.5, 5.5, 3.5 ], "texture": "#red", "rotation": 90 }
			}
		},
		{
			"__comment": "Element",
			"from": [ 1.6247, 0, 3.1126 ],
			"to": [ 2.0497, 4.25, 10.7626 ],
			"faces": {
				"down": { "uv": [ 0.5, 3.5, 1, 12.5 ], "texture": "#red" },
				"up": { "uv": [ 15.5, 12.5, 15, 3.5 ], "texture": "#red" },
				"north": { "uv": [ 5.5, 15, 10.5, 15.5 ], "texture": "#red", "rotation": 270 },
				"south": { "uv": [ 5.5, 15, 10.5, 15.5 ], "texture": "#red", "rotation": 90 },
				"west": { "uv": [ 10.5, 12.5, 5.5, 3.5 ], "texture": "#red", "rotation": 270 }
			}
		},
		{
			"__comment": "Element",
			"from": [ 9.275, 0.0003, 8.2125 ],
			"to": [ 10.975, 4.2503, 11.1875 ],
			"faces": {
				"down": { "uv": [ 9.5, 3, 11.5, 6.5 ], "texture": "#red" },
				"up": { "uv": [ 6.5, 6.5, 4.5, 3 ], "texture": "#red" },
				"north": { "uv": [ 5.5, 4.5, 10.5, 6.5 ], "texture": "#red", "rotation": 270 },
				"south": { "uv": [ 5.5, 4.5, 10.5, 6.5 ], "texture": "#red", "rotation": 90 },
				"west": { "uv": [ 10.5, 6.5, 5.5, 3 ], "texture": "#red", "rotation": 270 }
			}
		},
		{
			"__comment": "Element",
			"from": [ 2.0498, 0, 2.6875 ],
			"to": [ 5.0248, 4.25, 11.1875 ],
			"faces": {
				"down": { "uv": [ 1, 3, 4.5, 13 ], "texture": "#red" },
				"up": { "uv": [ 15, 13, 11.5, 3 ], "texture": "#red" },
				"north": { "uv": [ 5.5, 11.5, 10.5, 15 ], "texture": "#red", "rotation": 270 },
				"south": { "uv": [ 5.5, 11.5, 10.5, 15 ], "texture": "#red", "rotation": 90 },
				"west": { "uv": [ 10.5, 13, 5.5, 3 ], "texture": "#red", "rotation": 270 },
				"east": { "uv": [ 10.5, 13, 5.5, 3 ], "texture": "#red", "rotation": 90 }
			}
		},
		{
			"__comment": "Element",
			"from": [ 5.0248, 0, 2.6875 ],
			"to": [ 6.7248, 4.25, 5.6625 ],
			"faces": {
				"down": { "uv": [ 4.5, 9.5, 6.5, 13 ], "texture": "#red" },
				"up": { "uv": [ 11.5, 13, 9.5, 9.5 ], "texture": "#red" },
				"north": { "uv": [ 5.5, 9.5, 10.5, 11.5 ], "texture": "#red", "rotation": 270 },
				"south": { "uv": [ 5.5, 9.5, 10.5, 11.5 ], "texture": "#red", "rotation": 90 },
				"east": { "uv": [ 10.5, 13, 5.5, 9.5 ], "texture": "#red", "rotation": 90 }
			}
		},
		{
			"__comment": "Element",
			"from": [ 5.025, 0.0003, 8.2125 ],
			"to": [ 6.725, 4.2503, 11.1875 ],
			"faces": {
				"down": { "uv": [ 4.5, 3, 6.5, 6.5 ], "texture": "#red" },
				"up": { "uv": [ 11.5, 6.5, 9.5, 3 ], "texture": "#red" },
				"north": { "uv": [ 5.5, 9.5, 10.5, 11.5 ], "texture": "#red", "rotation": 270 },
				"south": { "uv": [ 5.5, 9.5, 10.5, 11.5 ], "texture": "#red", "rotation": 90 },
				"east": { "uv": [ 10.5, 6.5, 5.5, 3 ], "texture": "#red", "rotation": 90 }
			}
		},
		{
			"__comment": "Element",
			"from": [ 6.725, 0.0003, 9.912499 ],
			"to": [ 9.275, 4.2503, 11.1875 ],
			"faces": {
				"down": { "uv": [ 6.5, 3, 9.5, 4.5 ], "texture": "#red" },
				"up": { "uv": [ 9.5, 4.5, 6.5, 3 ], "texture": "#red" },
				"north": { "uv": [ 5.5, 6.5, 10.5, 9.5 ], "texture": "#red", "rotation": 270 },
				"south": { "uv": [ 5.5, 6.5, 10.5, 9.5 ], "texture": "#red", "rotation": 90 }
			}
		},
		{
			"__comment": "Element",
			"from": [ 5.025, 0, 3.9623 ],
			"to": [ 10.975, 3.825, 9.9123 ],
			"faces": {
				"down": { "uv": [ 4.5, 4.5, 11.5, 11.5 ], "texture": "#red" },
				"up": { "uv": [ 11.5, 11.5, 4.5, 4.5 ], "texture": "#white" },
				"north": { "uv": [ 5.5, 4.5, 10, 11.5 ], "texture": "#red", "rotation": 270 },
				"south": { "uv": [ 6, 4.5, 10.5, 11.5 ], "texture": "#red", "rotation": 90 }
			}
		}
	]
}