{
	"__comment": "Designed by IgnitingIce with BDcraft Cubik PRO 0.93 Beta - http://bdcraft.net",
	"ambientocclusion": false,
	"textures": {
		"ground": "block/nether_bricks",
		"texture": "blocks/wool_colored_light_black",
		"bottom": "blocks/wool_colored_darkish_black",
		"metal": "blocks/hopper_outside",
		"wool_colored_red": "blocks/redstone_block"
	},
	"elements": [ 	 
		{
			"__comment": "PlaneY2",
			"from": [ 0, 0, 0 ],
			"to": [ 16, 0.001, 16 ],
			"faces": {
				"down": { "uv": [ 0, 0, 16, 16 ], "texture": "#ground" },
				"up": { "uv": [ 0, 0, 16, 16 ], "texture": "#ground" }
			}
		},
		{
			"__comment": "Element",
			"from": [ 1.2, 5.1, 3.75 ],
			"to": [ 1.625, 8.5, 12.25 ],
			"rotation": { "origin": [ 8, 0, 8 ], "axis": "y", "angle": 22.5 },
			"faces": {
				"down": { "uv": [ 16, 13, 15.5, 3 ], "texture": "#texture" },
				"up": { "uv": [ 0, 3, 0.5, 13 ], "texture": "#texture" },
				"north": { "uv": [ 15.5, 4, 16, 8 ], "texture": "#texture" },
				"south": { "uv": [ 0, 4, 0.5, 8 ], "texture": "#texture" },
				"west": { "uv": [ 3, 4, 13, 8 ], "texture": "#texture" },
				"east": { "uv": [ 3, 4, 13, 8 ], "texture": "#texture" }
			}
		},
		{
			"__comment": "Element",
			"from": [ 1.625, 8.5, 4.175 ],
			"to": [ 14.375, 9.775, 9.699999 ],
			"rotation": { "origin": [ 8, 0, 8 ], "axis": "y", "angle": 22.5 },
			"faces": {
				"up": { "uv": [ 0.5, 3.5, 15.5, 10 ], "texture": "#texture" },
				"north": { "uv": [ 0.5, 2.5, 15.5, 4 ], "texture": "#texture" },
				"south": { "uv": [ 0.5, 2.5, 15.5, 4 ], "texture": "#texture" },
				"west": { "uv": [ 3.5, 2.5, 10, 4 ], "texture": "#texture" },
				"east": { "uv": [ 6, 2.5, 12.5, 4 ], "texture": "#texture" }
			}
		},
		{
			"__comment": "Element",
			"from": [ 1.625, 6.8, 3.75 ],
			"to": [ 14.375, 8.5, 12.25 ],
			"rotation": { "origin": [ 8, 0, 8 ], "axis": "y", "angle": 22.5 },
			"faces": {
				"down": { "uv": [ 15.5, 13, 0.5, 3 ], "texture": "#texture" },
				"up": { "uv": [ 0.5, 3, 15.5, 13 ], "texture": "#texture" },
				"north": { "uv": [ 0.5, 4, 15.5, 6 ], "texture": "#texture" },
				"south": { "uv": [ 0.5, 4, 15.5, 6 ], "texture": "#texture" }
			}
		},
		{
			"__comment": "Element",
			"from": [ 3.75, 8.5, 9.7 ],
			"to": [ 4.175, 9.775, 11.825 ],
			"rotation": { "origin": [ 8, 0, 8 ], "axis": "y", "angle": 22.5 },
			"faces": {
				"up": { "uv": [ 3, 10, 3.5, 12.5 ], "texture": "#texture" },
				"south": { "uv": [ 3, 2.5, 3.5, 4 ], "texture": "#texture" },
				"west": { "uv": [ 10, 2.5, 12.5, 4 ], "texture": "#texture" },
				"east": { "uv": [ 3.5, 2.5, 6, 4 ], "texture": "#texture" }
			}
		},
		{
			"__comment": "Element",
			"from": [ 4.175, 8.5, 9.7 ],
			"to": [ 11.825, 8.925, 11.825 ],
			"rotation": { "origin": [ 8, 0, 8 ], "axis": "y", "angle": 22.5 },
			"faces": {
				"up": { "uv": [ 3.5, 10, 12.5, 12.5 ], "texture": "#texture" },
				"south": { "uv": [ 3.5, 3.5, 12.5, 4 ], "texture": "#texture" }
			}
		},
		{
			"__comment": "Element",
			"from": [ 11.825, 8.5, 9.7 ],
			"to": [ 12.25, 9.775, 11.825 ],
			"rotation": { "origin": [ 8, 0, 8 ], "axis": "y", "angle": 22.5 },
			"faces": {
				"up": { "uv": [ 12.5, 10, 13, 12.5 ], "texture": "#texture" },
				"south": { "uv": [ 12.5, 2.5, 13, 4 ], "texture": "#texture" },
				"west": { "uv": [ 10, 2.5, 12.5, 4 ], "texture": "#texture" },
				"east": { "uv": [ 3.5, 2.5, 6, 4 ], "texture": "#texture" }
			}
		},
		{
			"__comment": "Element",
			"from": [ 14.375, 5.1, 3.75 ],
			"to": [ 14.8, 8.5, 12.25 ],
			"rotation": { "origin": [ 8, 0, 8 ], "axis": "y", "angle": 22.5 },
			"faces": {
				"down": { "uv": [ 0.5, 13, 0, 3 ], "texture": "#texture" },
				"up": { "uv": [ 15.5, 3, 16, 13 ], "texture": "#texture" },
				"north": { "uv": [ 0, 4, 0.5, 8 ], "texture": "#texture" },
				"south": { "uv": [ 15.5, 4, 16, 8 ], "texture": "#texture" },
				"west": { "uv": [ 3, 4, 13, 8 ], "texture": "#texture" },
				"east": { "uv": [ 3, 4, 13, 8 ], "texture": "#texture" }
			}
		},
		{
			"__comment": "Element",
			"from": [ 1.625, 5.1, 4.175 ],
			"to": [ 14.375, 6.8, 11.825 ],
			"rotation": { "origin": [ 8, 0, 8 ], "axis": "y", "angle": 22.5 },
			"faces": {
				"north": { "uv": [ 0.5, 6, 15.5, 8 ], "texture": "#bottom" },
				"south": { "uv": [ 0.5, 6, 15.5, 8 ], "texture": "#bottom" }
			}
		},
		{
			"__comment": "Element",
			"from": [ 1.2, 0, 4.175 ],
			"to": [ 14.8, 5.1, 11.825 ],
			"rotation": { "origin": [ 8, 0, 8 ], "axis": "y", "angle": 22.5 },
			"faces": {
				"down": { "uv": [ 16, 12.5, 0, 3.5 ], "texture": "#bottom" },
				"up": { "uv": [ 0, 3.5, 16, 12.5 ], "texture": "#bottom" },
				"north": { "uv": [ 0, 8, 16, 14 ], "texture": "#bottom" },
				"south": { "uv": [ 0, 8, 16, 14 ], "texture": "#bottom" },
				"west": { "uv": [ 3.5, 8, 12.5, 14 ], "texture": "#bottom" },
				"east": { "uv": [ 3.5, 8, 12.5, 14 ], "texture": "#bottom" }
			}
		},
		{
			"__comment": "Element",
			"from": [ 1.625, 8.5, 10.125 ],
			"to": [ 3.325, 9.775, 11.825 ],
			"rotation": { "origin": [ 8, 0, 8 ], "axis": "y", "angle": 22.5 },
			"faces": {
				"up": { "uv": [ 0.5, 10.5, 2.5, 12.5 ], "texture": "#metal" },
				"north": { "uv": [ 13.5, 2.5, 15.5, 4 ], "texture": "#metal" },
				"south": { "uv": [ 0.5, 2.5, 2.5, 4 ], "texture": "#metal" },
				"west": { "uv": [ 10.5, 2.5, 12.5, 4 ], "texture": "#metal" },
				"east": { "uv": [ 3.5, 2.5, 5.5, 4 ], "texture": "#metal" }
			}
		},
		{
			"__comment": "Element",
			"from": [ 2.05, 9.775, 10.55 ],
			"to": [ 2.9, 10.2, 11.4 ],
			"rotation": { "origin": [ 8, 0, 8 ], "axis": "y", "angle": 22.5 },
			"faces": {
				"up": { "uv": [ 1, 11, 2, 12 ], "texture": "#wool_colored_red" },
				"north": { "uv": [ 14, 2, 15, 2.5 ], "texture": "#wool_colored_red" },
				"south": { "uv": [ 1, 2, 2, 2.5 ], "texture": "#wool_colored_red" },
				"west": { "uv": [ 11, 2, 12, 2.5 ], "texture": "#wool_colored_red" },
				"east": { "uv": [ 4, 2, 5, 2.5 ], "texture": "#wool_colored_red" }
			}
		},
		{
			"__comment": "Element",
			"from": [ 12.675, 8.5, 10.125 ],
			"to": [ 14.375, 9.775, 11.825 ],
			"rotation": { "origin": [ 8, 0, 8 ], "axis": "y", "angle": 22.5 },
			"faces": {
				"up": { "uv": [ 13.5, 10.5, 15.5, 12.5 ], "texture": "#metal" },
				"north": { "uv": [ 0.5, 2.5, 2.5, 4 ], "texture": "#metal" },
				"south": { "uv": [ 13.5, 2.5, 15.5, 4 ], "texture": "#metal" },
				"west": { "uv": [ 10.5, 2.5, 12.5, 4 ], "texture": "#metal" },
				"east": { "uv": [ 3.5, 2.5, 5.5, 4 ], "texture": "#metal" }
			}
		},
		{
			"__comment": "Element",
			"from": [ 13.1, 9.775, 10.55 ],
			"to": [ 13.95, 10.2, 11.4 ],
			"rotation": { "origin": [ 8, 0, 8 ], "axis": "y", "angle": 22.5 },
			"faces": {
				"up": { "uv": [ 14, 11, 15, 12 ], "texture": "#bottom" },
				"north": { "uv": [ 1, 2, 2, 2.5 ], "texture": "#bottom" },
				"south": { "uv": [ 14, 2, 15, 2.5 ], "texture": "#bottom" },
				"west": { "uv": [ 11, 2, 12, 2.5 ], "texture": "#bottom" },
				"east": { "uv": [ 4, 2, 5, 2.5 ], "texture": "#bottom" }
			}
		},
		{
			"__comment": "Element",
			"from": [ 3.325, 9.775, 5.875 ],
			"to": [ 3.75, 11.05, 8 ],
			"rotation": { "origin": [ 8, 0, 8 ], "axis": "y", "angle": 22.5 },
			"faces": {
				"up": { "uv": [ 2.5, 5.5, 3, 8 ], "texture": "#bottom" },
				"north": { "uv": [ 13, 1, 13.5, 2.5 ], "texture": "#bottom" },
				"south": { "uv": [ 2.5, 1, 3, 2.5 ], "texture": "#bottom" },
				"west": { "uv": [ 5.5, 1, 8, 2.5 ], "texture": "#bottom" },
				"east": { "uv": [ 8, 1, 10.5, 2.5 ], "texture": "#bottom" }
			}
		},
		{
			"__comment": "Element",
			"from": [ 3.75, 10.625, 5.875 ],
			"to": [ 12.25, 11.05, 8 ],
			"rotation": { "origin": [ 8, 0, 8 ], "axis": "y", "angle": 22.5 },
			"faces": {
				"down": { "uv": [ 13, 8, 3, 5.5 ], "texture": "#bottom" },
				"up": { "uv": [ 3, 5.5, 13, 8 ], "texture": "#bottom" },
				"north": { "uv": [ 3, 1, 13, 1.5 ], "texture": "#bottom" },
				"south": { "uv": [ 3, 1, 13, 1.5 ], "texture": "#bottom" }
			}
		},
		{
			"__comment": "Element",
			"from": [ 12.25, 9.775, 5.875 ],
			"to": [ 12.675, 11.05, 8 ],
			"rotation": { "origin": [ 8, 0, 8 ], "axis": "y", "angle": 22.5 },
			"faces": {
				"up": { "uv": [ 13, 5.5, 13.5, 8 ], "texture": "#bottom" },
				"north": { "uv": [ 2.5, 1, 3, 2.5 ], "texture": "#bottom" },
				"south": { "uv": [ 13, 1, 13.5, 2.5 ], "texture": "#bottom" },
				"west": { "uv": [ 5.5, 1, 8, 2.5 ], "texture": "#bottom" },
				"east": { "uv": [ 8, 1, 10.5, 2.5 ], "texture": "#bottom" }
			}
		}
	]
}