{"__comment":"Designed by Ignitingice with BDcraft Cubik PRO 0.96 Beta - http://bdcraft.net","ambientocclusion":false,"textures":{"particle":"blocks/wool_colored_black","texture":"blocks/wool_colored_black"},"elements":[{"from":[0.01,16.03,7.01],"to":[23.46,18.01,8.99],"rotation":{"origin":[0.01,18.01,7.01],"axis":"z","angle":-45},"shade":false,"faces":{"down":{"uv":[0,7.01,16,8.99],"texture":"#texture"},"up":{"uv":[0,7.01,16,8.99],"texture":"#texture"},"north":{"uv":[0,13.41007,16,15.39007],"texture":"#texture"},"south":{"uv":[0,13.41007,16,15.39007],"texture":"#texture"},"west":{"uv":[7.01,13.41007,8.99,15.39007],"texture":"#texture"},"east":{"uv":[7.01,13.41007,8.99,15.39007],"texture":"#texture"}}},{"from":[15.1875,0.01,7],"to":[16,2.01,9],"shade":false,"faces":{"down":{"uv":[15.1875,7,16,9],"texture":"#texture"},"up":{"uv":[15.1875,7,16,9],"texture":"#texture"},"north":{"uv":[0,13.99,0.8125,15.99],"texture":"#texture"},"south":{"uv":[15.1875,13.99,16,15.99],"texture":"#texture"},"west":{"uv":[7,13.99,9,15.99],"texture":"#texture"},"east":{"uv":[7,13.99,9,15.99],"texture":"#texture"}}}],"display":{"thirdperson_righthand":{"rotation":[75,45,0],"translation":[0,2.5,0],"scale":[0.375,0.375,0.375]},"thirdperson_lefthand":{"rotation":[75,45,0],"translation":[0,2.5,0],"scale":[0.375,0.375,0.375]},"firstperson_righthand":{"rotation":[0,45,0],"scale":[0.4,0.4,0.4]},"firstperson_lefthand":{"rotation":[0,225,0],"scale":[0.4,0.4,0.4]},"gui":{"rotation":[30,225,0],"scale":[0.625,0.625,0.625]},"ground":{"translation":[0,3,0],"scale":[0.25,0.25,0.25]}}}