{"__comment":"Designed by Ignitingice with BDcraft Cubik PRO 0.96 Beta - http://bdcraft.net","textures":{"particle":"blocks/log_big_oak","texture":"blocks/log_big_oak","log_big_oak_top":"blocks/log_big_oak_top"},"elements":[{"__comment":"Block","from":[0,0,0],"to":[16,16,16],"faces":{"down":{"uv":[16,16,0,0],"texture":"#log_big_oak_top"},"up":{"uv":[0,0,16,16],"texture":"#log_big_oak_top"},"north":{"uv":[0,0,16,16],"texture":"#texture"},"south":{"uv":[0,0,16,16],"texture":"#texture"},"west":{"uv":[0,0,16,16],"texture":"#texture"},"east":{"uv":[0,0,16,16],"texture":"#texture"}}}],"display":{"thirdperson_righthand":{"rotation":[75,45,0],"translation":[0,2.5,0],"scale":[0.375,0.375,0.375]},"thirdperson_lefthand":{"rotation":[75,45,0],"translation":[0,2.5,0],"scale":[0.375,0.375,0.375]},"ground":{"rotation":[0,0,0],"translation":[0,3,0],"scale":[0.25,0.25,0.25]},"fixed":{"rotation":[0,0,0],"translation":[0,-5,18],"scale":[2.2,2.2,2.2]},"firstperson_righthand":{"rotation":[0,45,0],"translation":[0,0,0],"scale":[0.4,0.4,0.4]},"firstperson_lefthand":{"rotation":[0,225,0],"translation":[0,0,0],"scale":[0.4,0.4,0.4]},"gui":{"rotation":[30,225,0],"translation":[0,0,0],"scale":[0.625,0.625,0.625]}}}