{
	"__comment": "Designed by IgnitingIce with Cubik Studio - https://cubik.studio",
	"parent": "block/block",
	"textures": {
		"particle": "blocks/leaves_spruce_2"
	},
	"elements": [ 	 
		{
			"__comment": "Element",
			"from": [ 0, 0, 0 ],
			"to": [ 16, 16, 16 ],
			"faces": {
				"down": { "uv": [ 0, 0, 16, 16 ], "texture": "#particle", "cullface": "down" },
				"up": { "uv": [ 0, 0, 16, 16 ], "texture": "#particle", "cullface": "up" },
				"north": { "uv": [ 0, 0, 16, 16 ], "texture": "#particle", "cullface": "north" },
				"south": { "uv": [ 0, 0, 16, 16 ], "texture": "#particle", "cullface": "south" },
				"west": { "uv": [ 0, 0, 16, 16 ], "texture": "#particle", "cullface": "west" },
				"east": { "uv": [ 0, 0, 16, 16 ], "texture": "#particle", "cullface": "east" }
			}
		}
	]
}