{"__comment":"Designed by Ignitingice with BDcraft Cubik PRO 0.93 Beta - http://bdcraft.net","ambientocclusion":false,"textures":{"particle":"blocks/rail_golden","texture":"blocks/rail_detector"},"elements":[{"__comment":"Cross","from":[0,0,3.5],"to":[7,1,7],"faces":{"down":{"uv":[0,7,7,3.5],"texture":"#texture"},"up":{"uv":[0,3.5,7,6.75],"texture":"#texture"},"north":{"uv":[7,3.5,0,4],"texture":"#texture"},"south":{"uv":[0,6.75,7,6.25],"texture":"#texture"},"west":{"uv":[0,3.5,0.5,7],"rotation":270,"texture":"#texture"}}},{"__comment":"Cross","from":[0,0,11],"to":[7,1,14.5],"faces":{"down":{"uv":[0,14.5,7,11],"texture":"#texture"},"up":{"uv":[0,11,7,14.5],"texture":"#texture"},"north":{"uv":[7,11,0,11.75],"texture":"#texture"},"south":{"uv":[0,14.5,7,14],"texture":"#texture"},"west":{"uv":[0,11,0.5,14.5],"rotation":270,"texture":"#texture"}}},{"__comment":"Cross","from":[9,0,3.5],"to":[16,1,7],"faces":{"down":{"uv":[9,7,16,3.5],"texture":"#texture"},"up":{"uv":[9,3.5,16,7],"texture":"#texture"},"north":{"uv":[16,3.5,9,4],"texture":"#texture"},"south":{"uv":[9,7,16,6.5],"texture":"#texture"},"east":{"uv":[16,3.5,15.5,7],"rotation":90,"texture":"#texture"}}},{"__comment":"Cross","from":[9,0,11],"to":[16,1,14.5],"faces":{"down":{"uv":[9,14.5,16,11],"texture":"#texture"},"up":{"uv":[9,11,16,14.5],"texture":"#texture"},"north":{"uv":[16,11,9,11.5],"texture":"#texture"},"south":{"uv":[9,14.5,16,14],"texture":"#texture"},"east":{"uv":[16,11,15.5,14.5],"rotation":90,"texture":"#texture"}}},{"__comment":"Rail","from":[7,0,0],"to":[9,1.5,16],"faces":{"down":{"uv":[9,16,7,0],"texture":"#texture"},"up":{"uv":[7,0,9,16],"texture":"#texture"},"north":{"uv":[7,14.5,9,16],"texture":"#texture"},"south":{"uv":[7,14.5,9,16],"texture":"#texture"},"west":{"uv":[0,9,16,10.5],"texture":"#texture"},"east":{"uv":[0,9,16,10.5],"texture":"#texture"}}}]}