{"__comment":"Designed by Ignitingice with BDcraft Cubik PRO 0.93 Beta - http://bdcraft.net","ambientocclusion":false,"textures":{"particle":"blocks/rail_activator_powered","texture":"blocks/rail_activator_powered","quartz_block_top":"blocks/quartz_block_top","nether_brick":"blocks/nether_brick","wool_colored_gray":"blocks/wool_colored_gray"},"elements":[{"__comment":"Panel","from":[0,15,0.625],"to":[16,16.5,23.255],"rotation":{"origin":[0,16.5,0.625],"axis":"x","angle":45},"faces":{"down":{"uv":[0,16,16,0],"rotation":180,"texture":"#quartz_block_top"},"up":{"uv":[0,0,16,16],"rotation":180,"texture":"#texture"},"north":{"uv":[0,16,16,15.5],"texture":"#texture"},"south":{"uv":[16,0,0,0.5],"texture":"#texture"},"west":{"uv":[16,0,15.5,16],"rotation":90,"texture":"#texture"},"east":{"uv":[0,0,0.5,16],"rotation":270,"texture":"#texture"}}},{"__comment":"Slab","from":[5,8.375,5.8125],"to":[11,9.375,13.8125],"rotation":{"origin":[5,9.375,5.8125],"axis":"x","angle":45},"faces":{"down":{"uv":[5,4.5,11,12.5],"rotation":180,"texture":"#wool_colored_gray"},"up":{"uv":[5,4.5,11,12.5],"rotation":180,"texture":"#wool_colored_gray"},"north":{"uv":[5,12.25,11,13.25],"texture":"#wool_colored_gray"},"south":{"uv":[5,12.25,11,13.25],"texture":"#wool_colored_gray"},"west":{"uv":[4.5,12.25,12.5,13.25],"texture":"#wool_colored_gray"},"east":{"uv":[4.5,12.25,12.5,13.25],"texture":"#wool_colored_gray"}}},{"__comment":"Post","from":[6,0,6],"to":[10,8,8],"faces":{"down":{"uv":[6,6,10,8],"texture":"#nether_brick"},"up":{"uv":[6,6,10,8],"texture":"#nether_brick"},"north":{"uv":[6,8,10,16],"texture":"#nether_brick"},"south":{"uv":[6,8,10,16],"texture":"#nether_brick"},"west":{"uv":[6,8,8,16],"texture":"#nether_brick"},"east":{"uv":[6,8,8,16],"texture":"#nether_brick"}}},{"__comment":"Post","from":[6,0,8],"to":[10,6,10],"faces":{"down":{"uv":[6,8,10,10],"texture":"#nether_brick"},"up":{"uv":[6,8,10,10],"texture":"#nether_brick"},"south":{"uv":[6,10,10,16],"texture":"#nether_brick"},"west":{"uv":[8,10,10,16],"texture":"#nether_brick"},"east":{"uv":[8,10,10,16],"texture":"#nether_brick"}}}]}