{"__comment":"Designed by IgnitingIce with Cubik Studio - https://cubik.studio","textures":{"particle":"blocks/fan_straight","fan_straight":"blocks/fan_straight","texture":"blocks/coal_block_replace","fan_blades_2":"blocks/fan_blades_2"},"elements":[{"from":[12,0,0],"to":[14,1.5,16],"faces":{"up":{"uv":[2,0,4,16],"texture":"#fan_straight","rotation":180},"west":{"uv":[4,16,3.5,0],"texture":"#fan_straight","rotation":270},"east":{"uv":[2,0,2.5,16],"texture":"#fan_straight","rotation":270}}},{"from":[0,0,0],"to":[4,1.5,16],"faces":{"up":{"uv":[12,0,16,16],"texture":"#fan_straight","rotation":180},"west":{"uv":[16,16,15.5,0],"texture":"#fan_straight","cullface":"east","rotation":270},"east":{"uv":[12,0,12.5,16],"texture":"#fan_straight","rotation":270}}},{"from":[4,0,0],"to":[12,0.125,16],"faces":{"up":{"uv":[4,0,12,16],"texture":"#texture","rotation":180}}},{"from":[4,0.5,13],"to":[11.5,1,15],"faces":{"up":{"uv":[4.5,1,12,3],"texture":"#fan_blades_2","rotation":180},"north":{"uv":[4.5,2.5,12,3],"texture":"#fan_blades_2"},"south":{"uv":[12,1,4.5,1.5],"texture":"#fan_blades_2"},"east":{"uv":[4.5,1,5,3],"texture":"#fan_blades_2","rotation":270}}},{"from":[4,0.5,9],"to":[11.5,1,11],"faces":{"up":{"uv":[4.5,5,12,7],"texture":"#fan_blades_2","rotation":180},"north":{"uv":[4.5,6.5,12,7],"texture":"#fan_blades_2"},"south":{"uv":[12,5,4.5,5.5],"texture":"#fan_blades_2"},"east":{"uv":[4.5,5,5,7],"texture":"#fan_blades_2","rotation":270}}},{"from":[4,0.5,5],"to":[11.5,1,7],"faces":{"up":{"uv":[4.5,9,12,11],"texture":"#fan_blades_2","rotation":180},"north":{"uv":[4.5,10.5,12,11],"texture":"#fan_blades_2"},"south":{"uv":[12,9,4.5,9.5],"texture":"#fan_blades_2"},"east":{"uv":[4.5,9,5,11],"texture":"#fan_blades_2","rotation":270}}},{"from":[4,0.5,1],"to":[11.5,1,3],"faces":{"up":{"uv":[4.5,13,12,15],"texture":"#fan_blades_2","rotation":180},"north":{"uv":[4.5,14.5,12,15],"texture":"#fan_blades_2"},"south":{"uv":[12,13,4.5,13.5],"texture":"#fan_blades_2"},"east":{"uv":[4.5,13,5,15],"texture":"#fan_blades_2","rotation":270}}}]}