{
	"__comment": "Designed by IgnitingIce with Cubik Studio - https://cubik.studio",
	"ambientocclusion": false,
	"textures": {
		"particle": "blocks/double_sunflower_front",
		"cross": "blocks/double_sunflower2",
		"back": "blocks/double_sunflower_back",
		"front": "blocks/double_sunflower_front"
	},
	"elements": [ 	 
		{
			"from": [ 0.8, 0, 8 ],
			"to": [ 15.2, 20, 8.001 ],
			"rotation": { "origin": [ 8, 8, 8 ], "axis": "y", "angle": 45, "rescale": true },
			"shade": false,
			"faces": {
				"north": { "uv": [ 0, 5.999999, 8, 16 ], "texture": "#cross" },
				"south": { "uv": [ 0, 5.999999, 8, 16 ], "texture": "#cross" }
			}
		},
		{
			"from": [ 8, 0, 0.8 ],
			"to": [ 8.001, 20, 15.2 ],
			"rotation": { "origin": [ 8, 8, 8 ], "axis": "y", "angle": 45, "rescale": true },
			"shade": false,
			"faces": {
				"west": { "uv": [ 0, 5.999999, 8, 16 ], "texture": "#cross" },
				"east": { "uv": [ 0, 5.999999, 8, 16 ], "texture": "#cross" }
			}
		},
		{
			"from": [ 10.5, 16, 1 ],
			"to": [ 10.501, 25, 15 ],
			"rotation": { "origin": [ 10.5, 16, 1 ], "axis": "z", "angle": 22.5 },
			"faces": {
				"west": { "uv": [ 1, 7, 15, 16 ], "texture": "#back" },
				"east": { "uv": [ 1, 7, 15, 16 ], "texture": "#front" }
			}
		}
	]
}