{
    "textures": {
        "particle": "blocks/emerald_block",
        "texture": "blocks/emerald_block"
    },
    "elements": [
        {   "from": [ 0, 0, 0 ],
            "to": [ 16, 13, 16 ],
            "faces": {
                "down":  { "uv": [ 0, 0, 16, 16 ], "texture": "#texture" },
                "up":    { "uv": [ 0, 0, 16, 16 ], "texture": "#texture" },
                "north": { "uv": [ 0, 3, 16, 16 ], "texture": "#texture" },
                "south": { "uv": [ 0, 3, 16, 16 ], "texture": "#texture" },
                "west":  { "uv": [ 0, 3, 16, 16 ], "texture": "#texture" },
                "east":  { "uv": [ 0, 3, 16, 16 ], "texture": "#texture" }
            }
        },
        {   "from": [ 4, 13, 4 ],
            "to": [ 12, 16, 12 ],
            "faces": {
                "down":  { "uv": [ 4, 4, 12, 12 ], "texture": "#texture" },
                "up":    { "uv": [ 4, 4, 12, 12 ], "texture": "#texture" },
                "north": { "uv": [ 4, 0, 12,  3 ], "texture": "#texture" },
                "south": { "uv": [ 4, 0, 12,  3 ], "texture": "#texture" },
                "west":  { "uv": [ 4, 0, 12,  3 ], "texture": "#texture" },
                "east":  { "uv": [ 4, 0, 12,  3 ], "texture": "#texture" }
            }
        }
    ]
}
