{"__comment":"Designed by IgnitingIce with Cubik Studio - https://cubik.studio","textures":{"particle":"blocks/furnace_side","front":"blocks/furnace_front_off","top":"blocks/furnace_top","burner":"blocks/wool_colored_black"},"elements":[{"__comment":"Box1","from":[0,0,0],"to":[16,16,16],"faces":{"down":{"uv":[0,0,16,16],"texture":"#particle","cullface":"down"},"up":{"uv":[0,0,16,16],"texture":"#top","cullface":"up"},"north":{"uv":[0,0,16,16],"texture":"#front","cullface":"north"},"south":{"uv":[0,0,16,16],"texture":"#particle","cullface":"south"},"west":{"uv":[0,0,16,16],"texture":"#particle","cullface":"west"},"east":{"uv":[0,0,16,16],"texture":"#particle","cullface":"east"}}},{"__comment":"1-Burner","from":[4.25,16,12.63],"to":[4.75,16.25,15.63],"rotation":{"origin":[4.25,16,12.63],"axis":"y","angle":45},"faces":{"up":{"uv":[4.25,12.63,4.75,15.63],"texture":"#burner","cullface":"up"},"north":{"uv":[11.25,15.75,11.75,16],"texture":"#burner","cullface":"up"},"south":{"uv":[4.25,15.75,4.75,16],"texture":"#burner","cullface":"up"},"west":{"uv":[12.63,15.75,15.63,16],"texture":"#burner","cullface":"up"},"east":{"uv":[0.3700008,15.75,3.370001,16],"texture":"#burner","cullface":"up"}}},{"__comment":"1-Burner1","from":[3.4,16,12.275],"to":[3.9,16.25,15.275],"rotation":{"origin":[3.4,16,12.275],"axis":"y","angle":-45},"faces":{"up":{"uv":[3.4,12.275,3.9,15.275],"texture":"#burner","cullface":"up"},"north":{"uv":[12.1,15.75,12.6,16],"texture":"#burner","cullface":"up"},"south":{"uv":[3.4,15.75,3.9,16],"texture":"#burner","cullface":"up"},"west":{"uv":[12.275,15.75,15.275,16],"texture":"#burner","cullface":"up"},"east":{"uv":[0.7250013,15.75,3.725001,16],"texture":"#burner","cullface":"up"}}},{"__comment":"1-Burner2","from":[1.28,16,9.66],"to":[1.78,16.25,12.66],"rotation":{"origin":[1.28,16,9.66],"axis":"y","angle":45},"faces":{"up":{"uv":[1.28,9.66,1.78,12.66],"texture":"#burner","cullface":"up"},"north":{"uv":[14.22,15.75,14.72,16],"texture":"#burner","cullface":"up"},"south":{"uv":[1.28,15.75,1.78,16],"texture":"#burner","cullface":"up"},"west":{"uv":[9.66,15.75,12.66,16],"texture":"#burner","cullface":"up"},"east":{"uv":[3.34,15.75,6.34,16],"texture":"#burner","cullface":"up"}}},{"__comment":"1-Burner3","from":[6.37,16,9.304999],"to":[6.87,16.25,12.305],"rotation":{"origin":[6.369999,16,9.304999],"axis":"y","angle":-45},"faces":{"up":{"uv":[6.369999,9.304999,6.869999,12.305],"texture":"#burner","cullface":"up"},"north":{"uv":[9.130001,15.75,9.630001,16],"texture":"#burner","cullface":"up"},"south":{"uv":[6.369999,15.75,6.869999,16],"texture":"#burner","cullface":"up"},"west":{"uv":[9.304999,15.75,12.305,16],"texture":"#burner","cullface":"up"},"east":{"uv":[3.695001,15.75,6.695001,16],"texture":"#burner","cullface":"up"}}},{"__comment":"2-Burner","from":[12.5,16,12.85],"to":[13,16.25,15.35],"rotation":{"origin":[12.5,16,12.85],"axis":"y","angle":45},"faces":{"up":{"uv":[12.5,12.85,13,15.35],"texture":"#burner","cullface":"up"},"north":{"uv":[3,15.75,3.5,16],"texture":"#burner","cullface":"up"},"south":{"uv":[12.5,15.75,13,16],"texture":"#burner","cullface":"up"},"west":{"uv":[12.85,15.75,15.35,16],"texture":"#burner","cullface":"up"},"east":{"uv":[0.6500006,15.75,3.150001,16],"texture":"#burner","cullface":"up"}}},{"__comment":"2-Burner1","from":[11.65,16,12.495],"to":[12.15,16.25,14.995],"rotation":{"origin":[11.65,16,12.495],"axis":"y","angle":-45},"faces":{"up":{"uv":[11.65,12.495,12.15,14.995],"texture":"#burner","cullface":"up"},"north":{"uv":[3.85,15.75,4.35,16],"texture":"#burner","cullface":"up"},"south":{"uv":[11.65,15.75,12.15,16],"texture":"#burner","cullface":"up"},"west":{"uv":[12.495,15.75,14.995,16],"texture":"#burner","cullface":"up"},"east":{"uv":[1.005001,15.75,3.505001,16],"texture":"#burner","cullface":"up"}}},{"__comment":"2-Burner2","from":[9.88,16,10.23],"to":[10.38,16.25,12.73],"rotation":{"origin":[9.88,16,10.23],"axis":"y","angle":45},"faces":{"up":{"uv":[9.88,10.23,10.38,12.73],"texture":"#burner","cullface":"up"},"north":{"uv":[5.62,15.75,6.12,16],"texture":"#burner","cullface":"up"},"south":{"uv":[9.88,15.75,10.38,16],"texture":"#burner","cullface":"up"},"west":{"uv":[10.23,15.75,12.73,16],"texture":"#burner","cullface":"up"},"east":{"uv":[3.27,15.75,5.77,16],"texture":"#burner","cullface":"up"}}},{"__comment":"2-Burner3","from":[14.27,16,9.875],"to":[14.77,16.25,12.375],"rotation":{"origin":[14.27,16,9.875],"axis":"y","angle":-45},"faces":{"up":{"uv":[14.27,9.875,14.77,12.375],"texture":"#burner","cullface":"up"},"north":{"uv":[1.230001,15.75,1.730001,16],"texture":"#burner","cullface":"up"},"south":{"uv":[14.27,15.75,14.77,16],"texture":"#burner","cullface":"up"},"west":{"uv":[9.875,15.75,12.375,16],"texture":"#burner","cullface":"up"},"east":{"uv":[3.625,15.75,6.125,16],"texture":"#burner","cullface":"up"}}},{"__comment":"3-Burner","from":[14.65,16,1.025],"to":[15.15,16.25,4.025],"rotation":{"origin":[14.65,16,1.025],"axis":"y","angle":-45},"faces":{"up":{"uv":[14.65,1.025,15.15,4.025],"texture":"#burner","cullface":"up"},"north":{"uv":[0.8499994,15.75,1.349999,16],"texture":"#burner","cullface":"up"},"south":{"uv":[14.65,15.75,15.15,16],"texture":"#burner","cullface":"up"},"west":{"uv":[1.025,15.75,4.025,16],"texture":"#burner","cullface":"up"},"east":{"uv":[11.975,15.75,14.975,16],"texture":"#burner","cullface":"up"}}},{"__comment":"3-Burner1","from":[12.53,16,4.35],"to":[13.03,16.25,7.35],"rotation":{"origin":[12.53,16,4.35],"axis":"y","angle":45},"faces":{"up":{"uv":[12.53,4.35,13.03,7.35],"texture":"#burner","cullface":"up"},"north":{"uv":[2.969998,15.75,3.469998,16],"texture":"#burner","cullface":"up"},"south":{"uv":[12.53,15.75,13.03,16],"texture":"#burner","cullface":"up"},"west":{"uv":[4.35,15.75,7.35,16],"texture":"#burner","cullface":"up"},"east":{"uv":[8.65,15.75,11.65,16],"texture":"#burner","cullface":"up"}}},{"__comment":"3-Burner2","from":[11.68,16,3.995],"to":[12.18,16.25,6.995],"rotation":{"origin":[11.68,16,3.995],"axis":"y","angle":-45},"faces":{"up":{"uv":[11.68,3.995,12.18,6.995],"texture":"#burner","cullface":"up"},"north":{"uv":[3.819999,15.75,4.319999,16],"texture":"#burner","cullface":"up"},"south":{"uv":[11.68,15.75,12.18,16],"texture":"#burner","cullface":"up"},"west":{"uv":[3.995,15.75,6.995,16],"texture":"#burner","cullface":"up"},"east":{"uv":[9.005,15.75,12.005,16],"texture":"#burner","cullface":"up"}}},{"__comment":"3-Burner3","from":[9.559999,16,1.38],"to":[10.06,16.25,4.38],"rotation":{"origin":[9.560001,16,1.380001],"axis":"y","angle":45},"faces":{"up":{"uv":[9.560001,1.380001,10.06,4.380001],"texture":"#burner","cullface":"up"},"north":{"uv":[5.939999,15.75,6.439999,16],"texture":"#burner","cullface":"up"},"south":{"uv":[9.560001,15.75,10.06,16],"texture":"#burner","cullface":"up"},"west":{"uv":[1.380001,15.75,4.380001,16],"texture":"#burner","cullface":"up"},"east":{"uv":[11.62,15.75,14.62,16],"texture":"#burner","cullface":"up"}}},{"__comment":"4-Burner","from":[5.82,16,1.825],"to":[6.32,16.25,4.075],"rotation":{"origin":[5.819999,16,1.825],"axis":"y","angle":-45},"faces":{"up":{"uv":[5.819999,1.825,6.319999,4.075],"texture":"#burner","cullface":"up"},"north":{"uv":[9.680001,15.75,10.18,16],"texture":"#burner","cullface":"up"},"south":{"uv":[5.819999,15.75,6.319999,16],"texture":"#burner","cullface":"up"},"west":{"uv":[1.825,15.75,4.075,16],"texture":"#burner","cullface":"up"},"east":{"uv":[11.925,15.75,14.175,16],"texture":"#burner","cullface":"up"}}},{"__comment":"4-Burner1","from":[4.25,16,4.6],"to":[4.75,16.25,6.85],"rotation":{"origin":[4.25,16,4.599999],"axis":"y","angle":45},"faces":{"up":{"uv":[4.25,4.599999,4.75,6.849999],"texture":"#burner","cullface":"up"},"north":{"uv":[11.25,15.75,11.75,16],"texture":"#burner","cullface":"up"},"south":{"uv":[4.25,15.75,4.75,16],"texture":"#burner","cullface":"up"},"west":{"uv":[4.599999,15.75,6.849999,16],"texture":"#burner","cullface":"up"},"east":{"uv":[9.150001,15.75,11.4,16],"texture":"#burner","cullface":"up"}}},{"__comment":"4-Burner2","from":[3.4,16,4.245],"to":[3.9,16.25,6.495],"rotation":{"origin":[3.4,16,4.244999],"axis":"y","angle":-45},"faces":{"up":{"uv":[3.4,4.244999,3.9,6.494999],"texture":"#burner","cullface":"up"},"north":{"uv":[12.1,15.75,12.6,16],"texture":"#burner","cullface":"up"},"south":{"uv":[3.4,15.75,3.9,16],"texture":"#burner","cullface":"up"},"west":{"uv":[4.244999,15.75,6.494999,16],"texture":"#burner","cullface":"up"},"east":{"uv":[9.505001,15.75,11.755,16],"texture":"#burner","cullface":"up"}}},{"__comment":"4-Burner3","from":[1.83,16,2.18],"to":[2.33,16.25,4.43],"rotation":{"origin":[1.83,16,2.180001],"axis":"y","angle":45},"faces":{"up":{"uv":[1.83,2.18,2.33,4.43],"texture":"#burner","cullface":"up"},"north":{"uv":[13.67,15.75,14.17,16],"texture":"#burner","cullface":"up"},"south":{"uv":[1.83,15.75,2.33,16],"texture":"#burner","cullface":"up"},"west":{"uv":[2.180001,15.75,4.43,16],"texture":"#burner","cullface":"up"},"east":{"uv":[11.57,15.75,13.82,16],"texture":"#burner","cullface":"up"}}}],"display":{"thirdperson_righthand":{"rotation":[75,45,0],"translation":[0,2.5,0],"scale":[0.375,0.375,0.375]},"thirdperson_lefthand":{"rotation":[75,45,0],"translation":[0,2.5,0],"scale":[0.375,0.375,0.375]},"firstperson_righthand":{"rotation":[0,45,0],"scale":[0.4,0.4,0.4]},"firstperson_lefthand":{"rotation":[0,45,0],"scale":[0.4,0.4,0.4]},"gui":{"rotation":[30,225,0],"scale":[0.625,0.625,0.625]},"ground":{"translation":[0,3,0],"scale":[0.25,0.25,0.25]},"fixed":{"scale":[0.5,0.5,0.5]}}}