{"__comment":"Designed by Ignitingice with BDcraft Cubik PRO 0.93 Beta - http://bdcraft.net","ambientocclusion":false,"textures":{"particle":"blocks/post_spruce","texture":"blocks/post_spruce"},"elements":[{"from":[6,7.8284,-2.8284],"to":[9.98,10.65683,0.000030279],"faces":{"up":{"uv":[0,9.84375,1.999,11.25797],"texture":"#texture"},"north":{"uv":[0,9.84375,1.999,11.25797],"texture":"#texture"},"west":{"uv":[0,10.25,1.414215,8.835785],"texture":"#texture","rotation":180},"east":{"uv":[0,10.25,1.414215,8.835785],"texture":"#texture","rotation":270}}},{"from":[5.99,-11,16],"to":[9.99,11.62742,20],"rotation":{"origin":[5.990001,-11,16],"axis":"x","angle":-45},"faces":{"up":{"uv":[0,0,2,2],"texture":"#texture"},"north":{"uv":[0,2,2,13.25],"texture":"#texture"},"south":{"uv":[0,2,2,13.25],"texture":"#texture"},"west":{"uv":[2,2,0,13.25],"texture":"#texture"},"east":{"uv":[2,2,0,13.25],"texture":"#texture"}}},{"from":[5.9941,5.0025,0.0025],"to":[9.9841,9.002501,3.992501],"rotation":{"origin":[5.994099,5.0025,0.002500534],"axis":"x","angle":-45},"faces":{"north":{"uv":[0,0,2,2],"texture":"#texture"},"south":{"uv":[0,0,2,2],"texture":"#texture"},"west":{"uv":[2,0,0,2],"texture":"#texture"},"east":{"uv":[2,0,0,2],"texture":"#texture"}}}]}