{"__comment":"Designed by Ignitingice with BDcraft Cubik PRO 0.93 Beta - http://bdcraft.net","ambientocclusion":false,"textures":{"particle":"blocks/post_spruce","texture":"blocks/post_spruce"},"elements":[{"from":[6.02,7.8284,16],"to":[10,10.65683,18.82843],"faces":{"up":{"uv":[0,9.84375,1.999,11.25797],"texture":"#texture","rotation":180},"south":{"uv":[0,9.84375,1.999,11.25797],"texture":"#texture"},"west":{"uv":[0,10.25,1.414215,8.835785],"texture":"#texture","rotation":270},"east":{"uv":[0,10.25,1.414215,8.835785],"texture":"#texture","rotation":180}}},{"from":[6.01,-11,-4],"to":[10.01,11.62742,0],"rotation":{"origin":[10.01,-11,0.000000954],"axis":"x","angle":45},"faces":{"up":{"uv":[0,0,2,2],"texture":"#texture","rotation":180},"north":{"uv":[0,2,2,13.25],"texture":"#texture"},"south":{"uv":[0,2,2,13.25],"texture":"#texture"},"west":{"uv":[2,2,0,13.25],"texture":"#texture"},"east":{"uv":[2,2,0,13.25],"texture":"#texture"}}},{"from":[6.0159,5.0025,12.0075],"to":[10.0059,9.002501,15.9975],"rotation":{"origin":[10.0059,5.0025,15.9975],"axis":"x","angle":45},"faces":{"north":{"uv":[0,0,2,2],"texture":"#texture"},"south":{"uv":[0,0,2,2],"texture":"#texture"},"west":{"uv":[2,0,0,2],"texture":"#texture"},"east":{"uv":[2,0,0,2],"texture":"#texture"}}}]}