{"__comment":"Designed by Ignitingice with BDcraft Cubik PRO 0.93 Beta - http://bdcraft.net","parent":"block/block","textures":{"particle":"blocks/yellow_road","texture":"blocks/yellow_road"},"elements":[{"__comment":"jungle_planks","from":[0,0,0],"to":[16,16,16],"faces":{"down":{"uv":[0,0,16,16],"texture":"#texture","cullface":"down"},"up":{"uv":[0,0,16,16],"texture":"#texture","cullface":"up"},"north":{"uv":[0,0,16,16],"texture":"#texture","cullface":"north"},"south":{"uv":[0,0,16,16],"texture":"#texture","cullface":"south"},"west":{"uv":[0,0,16,16],"texture":"#particle","cullface":"west"},"east":{"uv":[0,0,16,16],"texture":"#particle","cullface":"east"}}}]}