{"__comment":"Designed by Ignitingice with BDcraft Cubik PRO 0.93 Beta - http://bdcraft.net","textures":{"particle":"blocks/yellow_road","texture":"blocks/yellow_road","planks_jungle":"blocks/yellow_road"},"elements":[{"__comment":"half_slab_acacia","from":[0,0,0],"to":[16,8,16],"faces":{"down":{"uv":[0,0,16,16],"texture":"#texture","cullface":"down"},"up":{"uv":[0,0,16,16],"texture":"#texture"},"north":{"uv":[0,8,16,16],"texture":"#particle","cullface":"north"},"south":{"uv":[0,8,16,16],"texture":"#particle","cullface":"south"},"west":{"uv":[0,8,16,16],"texture":"#planks_jungle","cullface":"west"},"east":{"uv":[0,8,16,16],"texture":"#planks_jungle","cullface":"east"}}}],"display":{"thirdperson_righthand":{"rotation":[75,45,0],"translation":[0,2.5,0],"scale":[0.375,0.375,0.375]},"thirdperson_lefthand":{"rotation":[75,45,0],"translation":[0,2.5,0],"scale":[0.375,0.375,0.375]},"ground":{"rotation":[0,0,0],"translation":[0,3,0],"scale":[0.25,0.25,0.25]},"firstperson_righthand":{"rotation":[0,45,0],"translation":[0,0,0],"scale":[0.4,0.4,0.4]},"firstperson_lefthand":{"rotation":[0,225,0],"translation":[0,0,0],"scale":[0.4,0.4,0.4]},"gui":{"rotation":[30,225,0],"translation":[0,0,0],"scale":[0.625,0.625,0.625]}}}