{"__comment":"Designed by IgnitingIce","textures":{"particle":"blocks/ladder","0":"blocks/ladder"},"elements":[{"__comment":"Left Post","from":[12,0,14],"to":[14,16,16],"faces":{"down":{"uv":[2,7,3.5,8.5],"texture":"#0","cullface":"down"},"up":{"uv":[2,7,3.5,8.5],"rotation":180,"texture":"#0","cullface":"up"},"north":{"uv":[12,0,14,16],"texture":"#0"},"south":{"uv":[1,6,15,7],"rotation":90,"texture":"#0","cullface":"south"},"west":{"uv":[1,6,15,7],"rotation":90,"texture":"#0"},"east":{"uv":[1,6,15,7],"rotation":90,"texture":"#0"}}},{"__comment":"Bottom Rung","from":[1,3,13],"to":[15,4,14],"faces":{"down":{"uv":[1,1,15,2],"texture":"#0"},"up":{"uv":[1,1,15,2],"texture":"#0"},"north":{"uv":[1,1,15,2],"texture":"#0"},"south":{"uv":[1,1,15,2],"texture":"#0"},"west":{"uv":[3,13,3,14],"texture":"#0"},"east":{"uv":[3,13,4,14],"texture":"#0"}}},{"__comment":"Middle Rung","from":[1,9,13],"to":[15,10,14],"faces":{"down":{"uv":[1,1,15,2],"texture":"#0"},"up":{"uv":[1,1,15,2],"texture":"#0"},"north":{"uv":[1,1,15,2],"texture":"#0"},"south":{"uv":[1,1,15,2],"texture":"#0"},"west":{"uv":[3,13,3,14],"texture":"#0"},"east":{"uv":[3,13,4,14],"texture":"#0"}}},{"__comment":"Top Rung","from":[1,14,13],"to":[15,15,14],"faces":{"down":{"uv":[1,1,15,2],"texture":"#0"},"up":{"uv":[1,1,15,2],"texture":"#0"},"north":{"uv":[1,1,15,2],"texture":"#0"},"south":{"uv":[1,1,15,2],"texture":"#0"},"west":{"uv":[3,13,3,14],"texture":"#0"},"east":{"uv":[3,13,4,14],"texture":"#0"}}},{"__comment":"Right Post","from":[2,0,14],"to":[4,16,16],"faces":{"down":{"uv":[2,7,3.5,8.5],"texture":"#0","cullface":"down"},"up":{"uv":[2,7,3.5,8.5],"rotation":180,"texture":"#0","cullface":"up"},"north":{"uv":[12,0,14,16],"texture":"#0"},"south":{"uv":[1,6,15,7],"rotation":90,"texture":"#0","cullface":"south"},"west":{"uv":[1,6,15,7],"rotation":90,"texture":"#0"},"east":{"uv":[1,6,15,7],"rotation":90,"texture":"#0"}}}],"display":{"thirdperson":{"rotation":[0,90,-57],"translation":[0,0.4,-3.8],"scale":[0.85,0.85,0.85]},"head":{"rotation":[-11,100,157],"translation":[-2.2,3,-5.8],"scale":[1,1,1]},"ground":{"rotation":[0,0,0],"translation":[0,0,0],"scale":[2,2,2]},"fixed":{"rotation":[0,180,0],"translation":[0,0,0],"scale":[1.75,1.75,1.75]},"firstperson":{"rotation":[0,-135,25],"translation":[1.4,3.7,1.1],"scale":[1.7,1.7,1.7]},"gui":{"rotation":[-30,135,0],"translation":[0,0,0],"scale":[1.6,1.6,1.6]}}}