{"__comment":"Designed_by_Ignitingice_with_BDcraft_Cubik_PRO_0.96_Beta_-_http://bdcraft.net","parent":"block/block","textures":{"particle":"block/lg_wool","texture":"block/lg_wool"},"elements":[{"__comment":"Block","from":[0,0,0],"to":[16,16,16],"faces":{"down":{"uv":[16,16,0,0],"texture":"#texture"},"up":{"uv":[0,0,16,16],"texture":"#texture"},"north":{"uv":[0,0,16,16],"texture":"#texture"},"south":{"uv":[0,0,16,16],"texture":"#texture"},"west":{"uv":[0,0,16,16],"texture":"#texture"},"east":{"uv":[0,0,16,16],"texture":"#texture"}}}]}