{"__comment":"Designed by IgnitingIce with Cubik Studio - https://cubik.studio","textures":{"particle":"blocks/anvil_base","texture":"blocks/siren","cage":"blocks/anvil_base","base":"blocks/wool_colored_darkish_black"},"elements":[{"from":[5,0,5],"to":[11,1,11],"faces":{"down":{"uv":[5,5,11,11],"texture":"#base"},"up":{"uv":[5,5,11,11],"texture":"#base"},"north":{"uv":[5,15,11,16],"texture":"#base"},"south":{"uv":[5,15,11,16],"texture":"#base"},"west":{"uv":[5,15,11,16],"texture":"#base"},"east":{"uv":[5,15,11,16],"texture":"#base"}}},{"from":[6.25,1,6],"to":[9.75,4.25,10],"faces":{"up":{"uv":[6.25,6,9.75,10],"texture":"#texture"},"north":{"uv":[6.25,11.75,9.75,15],"texture":"#texture"},"south":{"uv":[6.25,11.75,9.75,15],"texture":"#texture"},"west":{"uv":[6,11.75,10,15],"texture":"#texture"},"east":{"uv":[6,11.75,10,15],"texture":"#texture"}}},{"from":[6,1,6.25],"to":[10,4.25,9.75],"faces":{"up":{"uv":[6,6.25,10,9.75],"texture":"#texture"},"north":{"uv":[6,11.75,10,15],"texture":"#texture"},"south":{"uv":[6,11.75,10,15],"texture":"#texture"},"west":{"uv":[6.25,11.75,9.75,15],"texture":"#texture"},"east":{"uv":[6.25,11.75,9.75,15],"texture":"#texture"}}},{"from":[6.5,4.25,6.25],"to":[9.5,5,9.75],"faces":{"up":{"uv":[6.5,6.25,9.5,9.75],"texture":"#texture"},"north":{"uv":[6.5,11,9.5,11.75],"texture":"#texture"},"south":{"uv":[6.5,11,9.5,11.75],"texture":"#texture"},"west":{"uv":[6.25,11,9.75,11.75],"texture":"#texture"},"east":{"uv":[6.25,11,9.75,11.75],"texture":"#texture"}}},{"from":[6.25,4.25,6.5],"to":[9.75,5,9.5],"faces":{"up":{"uv":[6.25,6.5,9.75,9.5],"texture":"#texture"},"north":{"uv":[6.25,11,9.75,11.75],"texture":"#texture"},"south":{"uv":[6.25,11,9.75,11.75],"texture":"#texture"},"west":{"uv":[6.5,11,9.5,11.75],"texture":"#texture"},"east":{"uv":[6.5,11,9.5,11.75],"texture":"#texture"}}},{"from":[6.75,5,6.5],"to":[9.25,5.25,9.5],"faces":{"up":{"uv":[6.75,6.5,9.25,9.5],"texture":"#texture"},"north":{"uv":[6.75,10.75,9.25,11],"texture":"#texture"},"south":{"uv":[6.75,10.75,9.25,11],"texture":"#texture"},"west":{"uv":[6.5,10.75,9.5,11],"texture":"#texture"},"east":{"uv":[6.5,10.75,9.5,11],"texture":"#texture"}}},{"from":[6.5,5,6.75],"to":[9.5,5.25,9.25],"faces":{"up":{"uv":[6.5,6.75,9.5,9.25],"texture":"#texture"},"north":{"uv":[6.5,10.75,9.5,11],"texture":"#texture"},"south":{"uv":[6.5,10.75,9.5,11],"texture":"#texture"},"west":{"uv":[6.75,10.75,9.25,11],"texture":"#texture"},"east":{"uv":[6.75,10.75,9.25,11],"texture":"#texture"}}},{"from":[7,5.25,6.75],"to":[9,5.5,9.25],"faces":{"up":{"uv":[7,6.75,9,9.25],"texture":"#texture"},"north":{"uv":[7,10.5,9,10.75],"texture":"#texture"},"south":{"uv":[7,10.5,9,10.75],"texture":"#texture"},"west":{"uv":[6.75,10.5,9.25,10.75],"texture":"#texture"},"east":{"uv":[6.75,10.5,9.25,10.75],"texture":"#texture"}}},{"from":[6.75,5.25,7],"to":[9.25,5.5,9],"faces":{"up":{"uv":[6.75,7,9.25,9],"texture":"#texture"},"north":{"uv":[6.75,10.5,9.25,10.75],"texture":"#texture"},"south":{"uv":[6.75,10.5,9.25,10.75],"texture":"#texture"},"west":{"uv":[7,10.5,9,10.75],"texture":"#texture"},"east":{"uv":[7,10.5,9,10.75],"texture":"#texture"}}},{"from":[7.5,5.5,7.25],"to":[8.5,5.75,8.75],"faces":{"up":{"uv":[7.5,7.25,8.5,8.75],"texture":"#texture"},"north":{"uv":[7.5,10.25,8.5,10.5],"texture":"#texture"},"south":{"uv":[7.5,10.25,8.5,10.5],"texture":"#texture"},"west":{"uv":[7.25,10.25,8.75,10.5],"texture":"#texture"},"east":{"uv":[7.25,10.25,8.75,10.5],"texture":"#texture"}}},{"from":[7.25,5.5,7.5],"to":[8.75,5.75,8.5],"faces":{"up":{"uv":[7.25,7.5,8.75,8.5],"texture":"#texture"},"north":{"uv":[7.25,10.25,8.75,10.5],"texture":"#texture"},"south":{"uv":[7.25,10.25,8.75,10.5],"texture":"#texture"},"west":{"uv":[7.5,10.25,8.5,10.5],"texture":"#texture"},"east":{"uv":[7.5,10.25,8.5,10.5],"texture":"#texture"}}},{"from":[7.875,1,5.5],"to":[8.125,6.25,5.75],"faces":{"up":{"uv":[7.875,5.5,8.125,5.75],"texture":"#cage"},"north":{"uv":[7.875,9.75,8.125,15],"texture":"#cage"},"south":{"uv":[7.875,9.75,8.125,15],"texture":"#cage"},"west":{"uv":[5.5,9.75,5.75,15],"texture":"#cage"},"east":{"uv":[10.25,9.75,10.5,15],"texture":"#cage"}}},{"from":[7.875,1,10.25],"to":[8.125,6.25,10.5],"faces":{"up":{"uv":[7.875,10.25,8.125,10.5],"texture":"#cage"},"north":{"uv":[7.875,9.75,8.125,15],"texture":"#cage"},"south":{"uv":[7.875,9.75,8.125,15],"texture":"#cage"},"west":{"uv":[10.25,9.75,10.5,15],"texture":"#cage"},"east":{"uv":[5.5,9.75,5.75,15],"texture":"#cage"}}},{"from":[5.5,1,7.875],"to":[5.75,6.25,8.125],"faces":{"up":{"uv":[5.5,7.875,5.75,8.125],"texture":"#cage"},"north":{"uv":[10.25,9.75,10.5,15],"texture":"#cage"},"south":{"uv":[5.5,9.75,5.75,15],"texture":"#cage"},"west":{"uv":[7.875,9.75,8.125,15],"texture":"#cage"},"east":{"uv":[7.875,9.75,8.125,15],"texture":"#cage"}}},{"from":[10.25,1,7.875],"to":[10.5,6.25,8.125],"faces":{"up":{"uv":[10.25,7.875,10.5,8.125],"texture":"#cage"},"north":{"uv":[5.5,9.75,5.75,15],"texture":"#cage"},"south":{"uv":[10.25,9.75,10.5,15],"texture":"#cage"},"west":{"uv":[7.875,9.75,8.125,15],"texture":"#cage"},"east":{"uv":[7.875,9.75,8.125,15],"texture":"#cage"}}},{"from":[7.875,6,5.75],"to":[8.125,6.25,10.25],"faces":{"down":{"uv":[7.875,5.75,8.125,10.25],"texture":"#cage"},"up":{"uv":[7.875,5.75,8.125,10.25],"texture":"#cage"},"west":{"uv":[5.75,9.75,10.25,10],"texture":"#cage"},"east":{"uv":[5.75,9.75,10.25,10],"texture":"#cage"}}},{"from":[5.75,6,7.875],"to":[10.25,6.25,8.125],"faces":{"down":{"uv":[5.75,7.875,10.25,8.125],"texture":"#cage"},"up":{"uv":[5.75,7.875,10.25,8.125],"texture":"#cage"},"north":{"uv":[5.75,9.75,10.25,10],"texture":"#cage"},"south":{"uv":[5.75,9.75,10.25,10],"texture":"#cage"}}},{"from":[10.25,4.25,5.75],"to":[10.5,4.5,10.25],"faces":{"down":{"uv":[10.25,5.75,10.5,10.25],"texture":"#cage"},"up":{"uv":[10.25,5.75,10.5,10.25],"texture":"#cage"},"west":{"uv":[5.75,11.5,10.25,11.75],"texture":"#cage"},"east":{"uv":[5.75,11.5,10.25,11.75],"texture":"#cage"}}},{"from":[5.5,4.25,5.75],"to":[5.75,4.5,10.25],"faces":{"down":{"uv":[5.5,5.75,5.75,10.25],"texture":"#cage"},"up":{"uv":[5.5,5.75,5.75,10.25],"texture":"#cage"},"west":{"uv":[5.75,11.5,10.25,11.75],"texture":"#cage"},"east":{"uv":[5.75,11.5,10.25,11.75],"texture":"#cage"}}},{"from":[5.5,4.25,5.5],"to":[10.5,4.5,5.75],"faces":{"down":{"uv":[5.5,10.25,10.5,10.5],"texture":"#cage"},"up":{"uv":[5.5,5.5,10.5,5.75],"texture":"#cage"},"north":{"uv":[5.5,11.5,10.5,11.75],"texture":"#cage"},"south":{"uv":[5.5,11.5,10.5,11.75],"texture":"#cage"},"west":{"uv":[5.5,11.5,5.75,11.75],"texture":"#cage"},"east":{"uv":[10.25,11.5,10.5,11.75],"texture":"#cage"}}},{"from":[5.5,4.25,10.25],"to":[10.5,4.5,10.5],"faces":{"down":{"uv":[5.5,5.5,10.5,5.75],"texture":"#cage"},"up":{"uv":[5.5,10.25,10.5,10.5],"texture":"#cage"},"north":{"uv":[5.5,11.5,10.5,11.75],"texture":"#cage"},"south":{"uv":[5.5,11.5,10.5,11.75],"texture":"#cage"},"west":{"uv":[10.25,11.5,10.5,11.75],"texture":"#cage"},"east":{"uv":[5.5,11.5,5.75,11.75],"texture":"#cage"}}},{"from":[5.5,2.5,10.25],"to":[10.5,2.75,10.5],"faces":{"down":{"uv":[5.5,5.5,10.5,5.75],"texture":"#cage"},"up":{"uv":[5.5,10.25,10.5,10.5],"texture":"#cage"},"north":{"uv":[5.5,13.25,10.5,13.5],"texture":"#cage"},"south":{"uv":[5.5,13.25,10.5,13.5],"texture":"#cage"},"west":{"uv":[10.25,13.25,10.5,13.5],"texture":"#cage"},"east":{"uv":[5.5,13.25,5.75,13.5],"texture":"#cage"}}},{"from":[10.25,2.5,5.75],"to":[10.5,2.75,10.25],"faces":{"down":{"uv":[10.25,5.75,10.5,10.25],"texture":"#cage"},"up":{"uv":[10.25,5.75,10.5,10.25],"texture":"#cage"},"west":{"uv":[5.75,13.25,10.25,13.5],"texture":"#cage"},"east":{"uv":[5.75,13.25,10.25,13.5],"texture":"#cage"}}},{"from":[5.5,2.5,5.75],"to":[5.75,2.75,10.25],"faces":{"down":{"uv":[5.5,5.75,5.75,10.25],"texture":"#cage"},"up":{"uv":[5.5,5.75,5.75,10.25],"texture":"#cage"},"west":{"uv":[5.75,13.25,10.25,13.5],"texture":"#cage"},"east":{"uv":[5.75,13.25,10.25,13.5],"texture":"#cage"}}},{"from":[5.5,2.5,5.5],"to":[10.5,2.75,5.75],"faces":{"down":{"uv":[5.5,10.25,10.5,10.5],"texture":"#cage"},"up":{"uv":[5.5,5.5,10.5,5.75],"texture":"#cage"},"north":{"uv":[5.5,13.25,10.5,13.5],"texture":"#cage"},"south":{"uv":[5.5,13.25,10.5,13.5],"texture":"#cage"},"west":{"uv":[5.5,13.25,5.75,13.5],"texture":"#cage"},"east":{"uv":[10.25,13.25,10.5,13.5],"texture":"#cage"}}}]}