{
	"__comment": "Designed by IgnitingIce with Cubik Studio - https://cubik.studio",
	"textures": {
		"particle": "blocks/cone_orange",
		"base": "blocks/wool_colored_darkish_black",
		"orange": "blocks/cone_orange",
		"white": "blocks/cone_white"
	},
	"elements": [ 	 
		{
			"from": [ -2, 0, -2 ],
			"to": [ 18, 0.5, 18 ],
			"faces": {
				"down": { "uv": [ 0, 0, 16, 16 ], "texture": "#base" },
				"up": { "uv": [ 0, 0, 16, 16 ], "texture": "#base" },
				"north": { "uv": [ 0, 15.5, 16, 16 ], "texture": "#base" },
				"south": { "uv": [ 0, 15.5, 16, 16 ], "texture": "#base" },
				"west": { "uv": [ 0, 15.5, 16, 16 ], "texture": "#base" },
				"east": { "uv": [ 0, 15.5, 16, 16 ], "texture": "#base" }
			}
		},
		{
			"from": [ 7, 23.5, 5 ],
			"to": [ 9, 25, 5.5 ],
			"faces": {
				"up": { "uv": [ 7, 5, 9, 5.5 ], "texture": "#orange" },
				"north": { "uv": [ 7, 7, 9, 8.5 ], "texture": "#orange" },
				"south": { "uv": [ 7, 7, 9, 8.5 ], "texture": "#orange" },
				"west": { "uv": [ 5, 7, 5.5, 8.5 ], "texture": "#orange" },
				"east": { "uv": [ 10.5, 7, 11, 8.5 ], "texture": "#orange" }
			}
		},
		{
			"from": [ 7, 23.5, 10.5 ],
			"to": [ 9, 25, 11 ],
			"faces": {
				"up": { "uv": [ 7, 10.5, 9, 11 ], "texture": "#orange" },
				"north": { "uv": [ 7, 7, 9, 8.5 ], "texture": "#orange" },
				"south": { "uv": [ 7, 7, 9, 8.5 ], "texture": "#orange" },
				"west": { "uv": [ 10.5, 7, 11, 8.5 ], "texture": "#orange" },
				"east": { "uv": [ 5, 7, 5.5, 8.5 ], "texture": "#orange" }
			}
		},
		{
			"from": [ 7, 24.5, 5.5 ],
			"to": [ 9, 25, 10.5 ],
			"faces": {
				"down": { "uv": [ 7, 5.5, 9, 10.5 ], "texture": "#orange" },
				"up": { "uv": [ 7, 5.5, 9, 10.5 ], "texture": "#orange" },
				"west": { "uv": [ 5.5, 7, 10.5, 7.5 ], "texture": "#orange" },
				"east": { "uv": [ 5.5, 7, 10.5, 7.5 ], "texture": "#orange" }
			}
		},
		{
			"from": [ 1.5, 0.5, 0 ],
			"to": [ 14.5, 8, 16 ],
			"faces": {
				"up": { "uv": [ 1.5, 0, 14.5, 16 ], "texture": "#orange" },
				"north": { "uv": [ 1.5, 8, 14.5, 15.5 ], "texture": "#orange" },
				"south": { "uv": [ 1.5, 8, 14.5, 15.5 ], "texture": "#orange" },
				"west": { "uv": [ 0, 8, 16, 15.5 ], "texture": "#orange" },
				"east": { "uv": [ 0, 8, 16, 15.5 ], "texture": "#orange" }
			}
		},
		{
			"from": [ 0, 0.5, 1.5 ],
			"to": [ 16, 8, 14.5 ],
			"faces": {
				"up": { "uv": [ 0, 1.5, 16, 14.5 ], "texture": "#orange" },
				"north": { "uv": [ 0, 8, 16, 15.5 ], "texture": "#orange" },
				"south": { "uv": [ 0, 8, 16, 15.5 ], "texture": "#orange" },
				"west": { "uv": [ 1.5, 8, 14.5, 15.5 ], "texture": "#orange" },
				"east": { "uv": [ 1.5, 8, 14.5, 15.5 ], "texture": "#orange" }
			}
		},
		{
			"from": [ 2, 8, 0.5 ],
			"to": [ 14, 11, 15.5 ],
			"faces": {
				"north": { "uv": [ 2, 5, 14, 8 ], "texture": "#white" },
				"south": { "uv": [ 2, 5, 14, 8 ], "texture": "#white" },
				"west": { "uv": [ 0.5, 5, 15.5, 8 ], "texture": "#white" },
				"east": { "uv": [ 0.5, 5, 15.5, 8 ], "texture": "#white" }
			}
		},
		{
			"from": [ 0.5, 8, 2 ],
			"to": [ 15.5, 11, 14 ],
			"faces": {
				"north": { "uv": [ 0.5, 5, 15.5, 8 ], "texture": "#white" },
				"south": { "uv": [ 0.5, 5, 15.5, 8 ], "texture": "#white" },
				"west": { "uv": [ 2, 5, 14, 8 ], "texture": "#white" },
				"east": { "uv": [ 2, 5, 14, 8 ], "texture": "#white" }
			}
		},
		{
			"from": [ 2, 11, 0.5 ],
			"to": [ 14, 16, 15.5 ],
			"faces": {
				"up": { "uv": [ 2, 0.5, 14, 15.5 ], "texture": "#orange" },
				"north": { "uv": [ 2, 0, 14, 5 ], "texture": "#orange" },
				"south": { "uv": [ 2, 0, 14, 5 ], "texture": "#orange" },
				"west": { "uv": [ 0.5, 0, 15.5, 5 ], "texture": "#orange" },
				"east": { "uv": [ 0.5, 0, 15.5, 5 ], "texture": "#orange" }
			}
		},
		{
			"from": [ 0.5, 11, 2 ],
			"to": [ 15.5, 16, 14 ],
			"faces": {
				"up": { "uv": [ 0.5, 2, 15.5, 14 ], "texture": "#orange" },
				"north": { "uv": [ 0.5, 0, 15.5, 5 ], "texture": "#orange" },
				"south": { "uv": [ 0.5, 0, 15.5, 5 ], "texture": "#orange" },
				"west": { "uv": [ 2, 0, 14, 5 ], "texture": "#orange" },
				"east": { "uv": [ 2, 0, 14, 5 ], "texture": "#orange" }
			}
		},
		{
			"from": [ 2.5, 16, 1 ],
			"to": [ 13.5, 19, 15 ],
			"faces": {
				"north": { "uv": [ 2.5, 13, 13.5, 16 ], "texture": "#white" },
				"south": { "uv": [ 2.5, 13, 13.5, 16 ], "texture": "#white" },
				"west": { "uv": [ 1, 13, 15, 16 ], "texture": "#white" },
				"east": { "uv": [ 1, 13, 15, 16 ], "texture": "#white" }
			}
		},
		{
			"from": [ 1, 16, 2.5 ],
			"to": [ 15, 19, 13.5 ],
			"faces": {
				"north": { "uv": [ 1, 13, 15, 16 ], "texture": "#white" },
				"south": { "uv": [ 1, 13, 15, 16 ], "texture": "#white" },
				"west": { "uv": [ 2.5, 13, 13.5, 16 ], "texture": "#white" },
				"east": { "uv": [ 2.5, 13, 13.5, 16 ], "texture": "#white" }
			}
		},
		{
			"from": [ 2.5, 19, 1 ],
			"to": [ 13.5, 23, 15 ],
			"faces": {
				"up": { "uv": [ 2.5, 1, 13.5, 15 ], "texture": "#orange" },
				"north": { "uv": [ 2.5, 9, 13.5, 13 ], "texture": "#orange" },
				"south": { "uv": [ 2.5, 9, 13.5, 13 ], "texture": "#orange" },
				"west": { "uv": [ 1, 9, 15, 13 ], "texture": "#orange" },
				"east": { "uv": [ 1, 9, 15, 13 ], "texture": "#orange" }
			}
		},
		{
			"from": [ 1, 19, 2.5 ],
			"to": [ 15, 23, 13.5 ],
			"faces": {
				"up": { "uv": [ 1, 2.5, 15, 13.5 ], "texture": "#orange" },
				"north": { "uv": [ 1, 9, 15, 13 ], "texture": "#orange" },
				"south": { "uv": [ 1, 9, 15, 13 ], "texture": "#orange" },
				"west": { "uv": [ 2.5, 9, 13.5, 13 ], "texture": "#orange" },
				"east": { "uv": [ 2.5, 9, 13.5, 13 ], "texture": "#orange" }
			}
		},
		{
			"from": [ 3, 23, 1.5 ],
			"to": [ 13, 23.5, 14.5 ],
			"faces": {
				"up": { "uv": [ 3, 1.5, 13, 14.5 ], "texture": "#orange" },
				"north": { "uv": [ 3, 8.5, 13, 9 ], "texture": "#orange" },
				"south": { "uv": [ 3, 8.5, 13, 9 ], "texture": "#orange" },
				"west": { "uv": [ 1.5, 8.5, 14.5, 9 ], "texture": "#orange" },
				"east": { "uv": [ 1.5, 8.5, 14.5, 9 ], "texture": "#orange" }
			}
		},
		{
			"from": [ 1.5, 23, 3 ],
			"to": [ 14.5, 23.5, 13 ],
			"faces": {
				"up": { "uv": [ 1.5, 3, 14.5, 13 ], "texture": "#orange" },
				"north": { "uv": [ 1.5, 8.5, 14.5, 9 ], "texture": "#orange" },
				"south": { "uv": [ 1.5, 8.5, 14.5, 9 ], "texture": "#orange" },
				"west": { "uv": [ 3, 8.5, 13, 9 ], "texture": "#orange" },
				"east": { "uv": [ 3, 8.5, 13, 9 ], "texture": "#orange" }
			}
		}
	],
	"display": {
		"firstperson_righthand": {
			"rotation":  [ 0, 45, 0 ],
			"translation":  [ 0, 3.5, 0 ],
			"scale":  [ 0.3, 0.3, 0.3 ]
		},
		"gui": {
			"rotation":  [ 30, 225, 0 ],
			"translation":  [ 0, -0.9, 0 ],
			"scale":  [ 0.55, 0.55, 0.55 ]
		}
	}
}