{"__comment":"Designed by Ignitingice with BDcraft Cubik PRO 0.96 Beta - http://bdcraft.net","ambientocclusion":false,"textures":{"particle":"blocks/wool_colored_black","texture":"blocks/wool_colored_black"},"elements":[{"from":[7.01,-0.56,-0.58],"to":[8.99,1.42,22.87],"rotation":{"origin":[7.01,1.42,-0.58],"axis":"x","angle":-45},"shade":false,"faces":{"down":{"uv":[7.01,0,8.99,15.17993],"texture":"#texture"},"up":{"uv":[7.01,0.8200712,8.99,16],"texture":"#texture"},"north":{"uv":[7.01,14.00007,8.99,15.98007],"texture":"#texture"},"south":{"uv":[7.01,14.00007,8.99,15.98007],"texture":"#texture"},"west":{"uv":[0.8200715,14.00007,16,15.98007],"texture":"#texture"},"east":{"uv":[0,14.00007,15.17993,15.98007],"texture":"#texture"}}},{"from":[7,0.01,0],"to":[9,2.01,0.8125],"shade":false,"faces":{"down":{"uv":[7,15.1875,9,16],"texture":"#texture"},"up":{"uv":[7,0,9,0.8125],"texture":"#texture"},"north":{"uv":[7,13.99,9,15.99],"texture":"#texture"},"south":{"uv":[7,13.99,9,15.99],"texture":"#texture"},"west":{"uv":[0,13.99,0.8125,15.99],"texture":"#texture"},"east":{"uv":[15.1875,13.99,16,15.99],"texture":"#texture"}}}],"display":{"thirdperson_righthand":{"rotation":[75,45,0],"translation":[0,2.5,0],"scale":[0.375,0.375,0.375]},"thirdperson_lefthand":{"rotation":[75,45,0],"translation":[0,2.5,0],"scale":[0.375,0.375,0.375]},"firstperson_righthand":{"rotation":[0,45,0],"scale":[0.4,0.4,0.4]},"firstperson_lefthand":{"rotation":[0,225,0],"scale":[0.4,0.4,0.4]},"gui":{"rotation":[30,225,0],"scale":[0.625,0.625,0.625]},"ground":{"translation":[0,3,0],"scale":[0.25,0.25,0.25]}}}