{"__comment":"Designed_by_IgnitingIce_with_Cubik_Studio_-_https://cubik.studio","textures":{"particle":"block/fan_straight","fan_straight":"block/fan_straight","texture":"block/coal_block_replace","fan_blades_2":"block/fan_blades_2"},"elements":[{"__comment":"Cube1","from":[2,0,0],"to":[4,1.5,16],"faces":{"down":{"uv":[2,16,4,0],"texture":"#fan_straight","cullface":"down"},"up":{"uv":[2,0,4,16],"texture":"#fan_straight"},"north":{"uv":[4,0,2,0.5],"texture":"#fan_straight","cullface":"north"},"south":{"uv":[2,15.5,4,16],"texture":"#fan_straight","cullface":"south"},"west":{"uv":[2,0,2.5,16],"texture":"#fan_straight","rotation":270},"east":{"uv":[4,16,3.5,0],"texture":"#fan_straight","rotation":270}}},{"__comment":"Cube2","from":[12,0,0],"to":[16,1.5,16],"faces":{"down":{"uv":[12,16,16,0],"texture":"#fan_straight","cullface":"down"},"up":{"uv":[12,0,16,16],"texture":"#fan_straight"},"north":{"uv":[16,0,12,0.5],"texture":"#fan_straight","cullface":"north"},"south":{"uv":[12,15.5,16,16],"texture":"#fan_straight","cullface":"south"},"west":{"uv":[12,0,12.5,16],"texture":"#fan_straight","rotation":270},"east":{"uv":[16,16,15.5,0],"texture":"#fan_straight","cullface":"east","rotation":270}}},{"__comment":"Black","from":[4,0,0],"to":[12,0.125,16],"faces":{"down":{"uv":[4,0,12,16],"texture":"#texture","cullface":"down"},"up":{"uv":[4,0,12,16],"texture":"#texture"},"north":{"uv":[4,15,12,16],"texture":"#texture","cullface":"north"},"south":{"uv":[4,15,12,16],"texture":"#texture","cullface":"south"}}},{"__comment":"Blades","from":[4.5,0.5,1],"to":[12,1,3],"faces":{"up":{"uv":[4.5,1,12,3],"texture":"#fan_blades_2"},"north":{"uv":[12,1,4.5,1.5],"texture":"#fan_blades_2"},"south":{"uv":[4.5,2.5,12,3],"texture":"#fan_blades_2"},"west":{"uv":[4.5,1,5,3],"texture":"#fan_blades_2","rotation":270}}},{"__comment":"Blades1","from":[4.5,0.5,5],"to":[12,1,7],"faces":{"up":{"uv":[4.5,5,12,7],"texture":"#fan_blades_2"},"north":{"uv":[12,5,4.5,5.5],"texture":"#fan_blades_2"},"south":{"uv":[4.5,6.5,12,7],"texture":"#fan_blades_2"},"west":{"uv":[4.5,5,5,7],"texture":"#fan_blades_2","rotation":270}}},{"__comment":"Blades2","from":[4.5,0.5,9],"to":[12,1,11],"faces":{"up":{"uv":[4.5,9,12,11],"texture":"#fan_blades_2"},"north":{"uv":[12,9,4.5,9.5],"texture":"#fan_blades_2"},"south":{"uv":[4.5,10.5,12,11],"texture":"#fan_blades_2"},"west":{"uv":[4.5,9,5,11],"texture":"#fan_blades_2","rotation":270}}},{"__comment":"Blades3","from":[4.5,0.5,13],"to":[12,1,15],"faces":{"up":{"uv":[4.5,13,12,15],"texture":"#fan_blades_2"},"north":{"uv":[12,13,4.5,13.5],"texture":"#fan_blades_2"},"south":{"uv":[4.5,14.5,12,15],"texture":"#fan_blades_2"},"west":{"uv":[4.5,13,5,15],"texture":"#fan_blades_2","rotation":270}}}]}