{"__comment":"Designed_by_Ignitingice_with_BDcraft_Cubik_PRO_0.93_Beta_-_http://bdcraft.net","ambientocclusion":false,"textures":{"particle":"block/powered_rail","texture":"block/powered_rail"},"elements":[{"__comment":"Cross","from":[0,12.5,3.5],"to":[16,13.5,7],"rotation":{"origin":[0,13.5,3.5],"axis":"x","angle":45},"faces":{"down":{"uv":[0,7,7,3.5],"texture":"#texture"},"up":{"uv":[0,3.5,7,6.75],"texture":"#texture"},"north":{"uv":[7,3.5,0,4],"texture":"#texture"},"south":{"uv":[0,6.75,7,6.25],"texture":"#texture"},"west":{"uv":[0,3.5,0.5,7],"rotation":270,"texture":"#texture"},"east":{"uv":[16,3.5,15.5,7],"rotation":90,"texture":"#texture"}}},{"__comment":"Cross","from":[0,5.5,10.5],"to":[16,6.5,14],"rotation":{"origin":[0,6.5,10.5],"axis":"x","angle":45},"faces":{"down":{"uv":[0,14.5,7,11],"texture":"#texture"},"up":{"uv":[0,11,7,14.5],"texture":"#texture"},"north":{"uv":[7,11,0,11.75],"texture":"#texture"},"south":{"uv":[0,14.5,7,14],"texture":"#texture"},"west":{"uv":[0,11,0.5,14.5],"rotation":270,"texture":"#texture"},"east":{"uv":[16,11,15.5,14.5],"rotation":90,"texture":"#texture"}}}]}