{"__comment":"Designed by Ignitingice with BDcraft Cubik PRO 0.96 Beta - http://bdcraft.net","ambientocclusion":false,"textures":{"particle":"blocks/wool_colored_black","texture":"blocks/wool_colored_black"},"elements":[{"from":[7,0,7],"to":[9,16,9],"shade":false,"faces":{"down":{"uv":[7,7,9,9],"texture":"#texture"},"up":{"uv":[7,7,9,9],"texture":"#texture"},"north":{"uv":[7,0,9,16],"texture":"#texture"},"south":{"uv":[7,0,9,16],"texture":"#texture"},"west":{"uv":[7,0,9,16],"texture":"#texture"},"east":{"uv":[7,0,9,16],"texture":"#texture"}}}]}