{"__comment":"Designed by Ignitingice with BDcraft Cubik PRO 0.96 Beta - http://bdcraft.net","ambientocclusion":false,"textures":{"particle":"blocks/wool_colored_black","texture":"blocks/wool_colored_black"},"elements":[{"from":[7.01,16,0],"to":[8.99,17.98,23.45],"rotation":{"origin":[7.01,17.98,0],"axis":"x","angle":45},"shade":false,"faces":{"down":{"uv":[7.01,0,8.99,16],"texture":"#texture"},"up":{"uv":[7.01,0,8.99,16],"texture":"#texture"},"north":{"uv":[7.01,13.44007,8.99,15.42007],"texture":"#texture"},"south":{"uv":[7.01,13.44007,8.99,15.42007],"texture":"#texture"},"west":{"uv":[0,13.44007,16,15.42007],"texture":"#texture"},"east":{"uv":[0,13.44007,16,15.42007],"texture":"#texture"}}},{"from":[7,0,15.1875],"to":[9,2,16],"shade":false,"faces":{"down":{"uv":[7,0,9,0.8125],"texture":"#texture"},"up":{"uv":[7,15.1875,9,16],"texture":"#texture"},"north":{"uv":[7,14,9,16],"texture":"#texture"},"south":{"uv":[7,14,9,16],"texture":"#texture"},"west":{"uv":[15.1875,14,16,16],"texture":"#texture"},"east":{"uv":[0,14,0.8125,16],"texture":"#texture"}}}]}