{"__comment":"Designed by Ignitingice with BDcraft Cubik PRO 0.96 Beta - http://bdcraft.net","ambientocclusion":false,"textures":{"particle":"blocks/wool_colored_black","texture":"blocks/wool_colored_black"},"elements":[{"from":[7.005,0,0],"to":[8.995,17.98,1.99],"shade":false,"faces":{"down":{"uv":[7.005,14.01,8.995,16],"texture":"#texture"},"up":{"uv":[7.005,0,8.995,1.99],"texture":"#texture"},"north":{"uv":[7.005,0,8.995,16],"texture":"#texture"},"south":{"uv":[7.005,0,8.995,16],"texture":"#texture"},"west":{"uv":[0,0,1.99,16],"texture":"#texture"},"east":{"uv":[14.01,0,16,16],"texture":"#texture"}}}]}