{"__comment":"Designed_by_Ignitingice_with_BDcraft_Cubik_PRO_0.93_Beta_-_http://bdcraft.net","ambientocclusion":false,"textures":{"particle":"block/rail","texture":"block/rail"},"elements":[{"__comment":"rail_normal","from":[0.5,0,8],"to":[15.5,0.5,8.5],"faces":{"down":{"uv":[0,8.5,15,8],"texture":"#texture"},"up":{"uv":[0,8,15,8.5],"texture":"#texture"},"north":{"uv":[15,8,0,8.5],"texture":"#texture"},"south":{"uv":[0,8.5,15,8],"texture":"#texture"},"west":{"uv":[0,8,0.5,8.5],"rotation":270,"texture":"#texture"},"east":{"uv":[15,8,14.5,8.5],"rotation":90,"texture":"#texture"}}},{"__comment":"rail_normal","from":[1,0,8.5],"to":[14.5,0.5,9],"faces":{"down":{"uv":[0.5,9,14,8.5],"texture":"#texture"},"up":{"uv":[0.5,8.5,14,9],"texture":"#texture"},"south":{"uv":[0.5,9,14,8.5],"texture":"#texture"},"west":{"uv":[0.5,8.5,1,9],"rotation":270,"texture":"#texture"},"east":{"uv":[14,8.5,13.5,9],"rotation":90,"texture":"#texture"}}},{"__comment":"rail_normal","from":[1.5,0,7],"to":[15.5,0.5,8],"faces":{"down":{"uv":[1,8,15,7],"texture":"#texture"},"up":{"uv":[1,7,15,8],"texture":"#texture"},"north":{"uv":[15,7,1,7.5],"texture":"#texture"},"west":{"uv":[1,7,1.5,8],"rotation":270,"texture":"#texture"},"east":{"uv":[15,7,14.5,8],"rotation":90,"texture":"#texture"}}},{"__comment":"rail_normal","from":[1.5,0,9],"to":[13.5,0.5,9.5],"faces":{"down":{"uv":[1,9.5,13,9],"texture":"#texture"},"up":{"uv":[1,9,13,9.5],"texture":"#texture"},"south":{"uv":[1,9.5,13,9],"texture":"#texture"},"west":{"uv":[1,9,1.5,9.5],"rotation":270,"texture":"#texture"},"east":{"uv":[13,9,12.5,9.5],"rotation":90,"texture":"#texture"}}},{"__comment":"rail_normal","from":[2,0,9.5],"to":[13,0.5,10],"faces":{"down":{"uv":[1.5,10,12.5,9.5],"texture":"#texture"},"up":{"uv":[1.5,9.5,12.5,10],"texture":"#texture"},"south":{"uv":[1.5,10,12.5,9.5],"texture":"#texture"},"west":{"uv":[1.5,9.5,2,10],"rotation":270,"texture":"#texture"},"east":{"uv":[12.5,9.5,12,10],"rotation":90,"texture":"#texture"}}},{"__comment":"rail_normal","from":[2.5,0,6.5],"to":[15,0.5,7],"faces":{"down":{"uv":[2,7,14.5,6.5],"texture":"#texture"},"up":{"uv":[2,6.5,14.5,7],"texture":"#texture"},"north":{"uv":[14.5,6.5,2,7],"texture":"#texture"},"west":{"uv":[2,6.5,2.5,7],"rotation":270,"texture":"#texture"},"east":{"uv":[14.5,6.5,14,7],"rotation":90,"texture":"#texture"}}},{"__comment":"rail_normal","from":[2.5,0,10],"to":[12.5,0.5,10.5],"faces":{"down":{"uv":[2,10.5,12,10],"texture":"#texture"},"up":{"uv":[2,10,12,10.5],"texture":"#texture"},"south":{"uv":[2,10.5,12,10],"texture":"#texture"},"west":{"uv":[2,10,2.5,10.5],"rotation":270,"texture":"#texture"},"east":{"uv":[12,10,11.5,10.5],"rotation":90,"texture":"#texture"}}},{"__comment":"rail_normal","from":[3,0,10.5],"to":[12,0.5,11],"faces":{"down":{"uv":[2.5,11,11.5,10.5],"texture":"#texture"},"up":{"uv":[2.5,10.5,11.5,11],"texture":"#texture"},"south":{"uv":[2.5,11,11.5,10.5],"texture":"#texture"},"west":{"uv":[2.5,10.5,3,11],"rotation":270,"texture":"#texture"},"east":{"uv":[11.5,10.5,11,11],"rotation":90,"texture":"#texture"}}},{"__comment":"rail_normal","from":[3.5,0,6],"to":[14.5,0.5,6.5],"faces":{"down":{"uv":[3,6.5,14,6],"texture":"#texture"},"up":{"uv":[3,6,14,6.5],"texture":"#texture"},"north":{"uv":[14,6,3,6.5],"texture":"#texture"},"west":{"uv":[3,6,3.5,6.5],"rotation":270,"texture":"#texture"},"east":{"uv":[14,6,13.5,6.5],"rotation":90,"texture":"#texture"}}},{"__comment":"rail_normal","from":[3.5,0,11],"to":[11.5,0.5,11.5],"faces":{"down":{"uv":[3,11.5,11,11],"texture":"#texture"},"up":{"uv":[3,11,11,11.5],"texture":"#texture"},"south":{"uv":[3,11.5,11,11],"texture":"#texture"},"west":{"uv":[3,11,3.5,11.5],"rotation":270,"texture":"#texture"},"east":{"uv":[11,11,10.5,11.5],"rotation":90,"texture":"#texture"}}},{"__comment":"rail_normal","from":[4,0,11.5],"to":[10.5,0.5,12],"faces":{"down":{"uv":[3.5,12,10,11.5],"texture":"#texture"},"up":{"uv":[3.5,11.5,10,12],"texture":"#texture"},"south":{"uv":[3.5,12,10,11.5],"texture":"#texture"},"west":{"uv":[3.5,11.5,4,12],"rotation":270,"texture":"#texture"},"east":{"uv":[10,11.5,9.5,12],"rotation":90,"texture":"#texture"}}},{"__comment":"rail_normal","from":[4.5,0,5.5],"to":[14,0.5,6],"faces":{"down":{"uv":[4,6,13.5,5.5],"texture":"#texture"},"up":{"uv":[4,5.5,13.5,6],"texture":"#texture"},"north":{"uv":[13.5,5.5,4,6],"texture":"#texture"},"west":{"uv":[4,5.5,4.5,6],"rotation":270,"texture":"#texture"},"east":{"uv":[13.5,5.5,13,6],"rotation":90,"texture":"#texture"}}},{"__comment":"rail_normal","from":[4.5,0,12],"to":[9.5,0.5,12.5],"faces":{"down":{"uv":[4,12.5,9,12],"texture":"#texture"},"up":{"uv":[4,12,9,12.5],"texture":"#texture"},"south":{"uv":[4,12.5,9,12],"texture":"#texture"},"west":{"uv":[4,12,4.5,12.5],"rotation":270,"texture":"#texture"},"east":{"uv":[9,12,8.5,12.5],"rotation":90,"texture":"#texture"}}},{"__comment":"rail_normal","from":[5,0,12.5],"to":[8.5,0.5,13],"faces":{"down":{"uv":[4.5,13,8,12.5],"texture":"#texture"},"up":{"uv":[4.5,12.5,8,13],"texture":"#texture"},"south":{"uv":[4.5,13,8,12.5],"texture":"#texture"},"west":{"uv":[4.5,12.5,5,13],"rotation":270,"texture":"#texture"},"east":{"uv":[8,12.5,7.5,13],"rotation":90,"texture":"#texture"}}},{"__comment":"rail_normal","from":[5.5,0,5],"to":[13.5,0.5,5.5],"faces":{"down":{"uv":[5,5.5,13,5],"texture":"#texture"},"up":{"uv":[5,5,13,5.5],"texture":"#texture"},"north":{"uv":[13,5,5,5.5],"texture":"#texture"},"west":{"uv":[5,5,5.5,5.5],"rotation":270,"texture":"#texture"},"east":{"uv":[13,5,12.5,5.5],"rotation":90,"texture":"#texture"}}},{"__comment":"rail_normal","from":[5.5,0,13],"to":[7.5,0.5,13.5],"faces":{"down":{"uv":[5,13.5,7,13],"texture":"#texture"},"up":{"uv":[5,13,7,13.5],"texture":"#texture"},"south":{"uv":[5,13.5,7,13],"texture":"#texture"},"west":{"uv":[5,13,5.5,13.5],"rotation":270,"texture":"#texture"},"east":{"uv":[7,13,6.5,13.5],"rotation":90,"texture":"#texture"}}},{"__comment":"rail_normal","from":[6,0,13.5],"to":[6.5,0.5,14],"faces":{"down":{"uv":[5.5,14,6,13.5],"texture":"#texture"},"up":{"uv":[5.5,13.5,6,14],"texture":"#texture"},"south":{"uv":[5.5,14,6,13.5],"texture":"#texture"},"west":{"uv":[5.5,13.5,6,14],"rotation":270,"texture":"#texture"},"east":{"uv":[6,13.5,5.5,14],"rotation":90,"texture":"#texture"}}},{"__comment":"rail_normal","from":[6.5,0,4.5],"to":[13,0.5,5],"faces":{"down":{"uv":[6,5,12.5,4.5],"texture":"#texture"},"up":{"uv":[6,4.5,12.5,5],"texture":"#texture"},"north":{"uv":[12.5,4.5,6,5],"texture":"#texture"},"west":{"uv":[6,4.5,6.5,5],"rotation":270,"texture":"#texture"},"east":{"uv":[12.5,4.5,12,5],"rotation":90,"texture":"#texture"}}},{"__comment":"rail_normal","from":[7,0,4],"to":[12.5,0.5,4.5],"faces":{"down":{"uv":[6.5,4.5,12,4],"texture":"#texture"},"up":{"uv":[6.5,4,12,4.5],"texture":"#texture"},"north":{"uv":[12,4,6.5,4.5],"texture":"#texture"},"west":{"uv":[6.5,4,7,4.5],"rotation":270,"texture":"#texture"},"east":{"uv":[12,4,11.5,4.5],"rotation":90,"texture":"#texture"}}},{"__comment":"rail_normal","from":[7.5,0,3.5],"to":[12,0.5,4],"faces":{"down":{"uv":[7,4,11.5,3.5],"texture":"#texture"},"up":{"uv":[7,3.5,11.5,4],"texture":"#texture"},"north":{"uv":[11.5,3.5,7,4],"texture":"#texture"},"west":{"uv":[7,3.5,7.5,4],"rotation":270,"texture":"#texture"},"east":{"uv":[11.5,3.5,11,4],"rotation":90,"texture":"#texture"}}},{"__comment":"rail_normal","from":[8,0,3],"to":[11.5,0.5,3.5],"faces":{"down":{"uv":[7.5,3.5,11,3],"texture":"#texture"},"up":{"uv":[7.5,3,11,3.5],"texture":"#texture"},"north":{"uv":[11,3,7.5,3.5],"texture":"#texture"},"west":{"uv":[7.5,3,8,3.5],"rotation":270,"texture":"#texture"},"east":{"uv":[11,3,10.5,3.5],"rotation":90,"texture":"#texture"}}},{"__comment":"rail_normal","from":[8.5,0,2.5],"to":[11,0.5,3],"faces":{"down":{"uv":[8,3,10.5,2.5],"texture":"#texture"},"up":{"uv":[8,2.5,10.5,3],"texture":"#texture"},"north":{"uv":[10.5,2.5,8,3],"texture":"#texture"},"west":{"uv":[8,2.5,8.5,3],"rotation":270,"texture":"#texture"},"east":{"uv":[10.5,2.5,10,3],"rotation":90,"texture":"#texture"}}},{"__comment":"rail_normal","from":[9,0,2],"to":[10.5,0.5,2.5],"faces":{"down":{"uv":[8.5,2.5,10,2],"texture":"#texture"},"up":{"uv":[8.5,2,10,2.5],"texture":"#texture"},"north":{"uv":[10,2,8.5,2.5],"texture":"#texture"},"west":{"uv":[8.5,2,9,2.5],"rotation":270,"texture":"#texture"},"east":{"uv":[10,2,9.5,2.5],"rotation":90,"texture":"#texture"}}}]}