{"__comment":"Designed by IgnitingIce with Cubik Studio - https://cubik.studio","textures":{"particle":"blocks/fan_turned","fan_turned":"blocks/fan_turned","texture1":"blocks/coal_block_replace","fan_blades":"blocks/fan_blades_2"},"elements":[{"from":[2,0,13.5],"to":[4,1.5,16],"faces":{"up":{"uv":[2,13.5,4,16],"texture":"#fan_turned"},"north":{"uv":[4,13.5,2,14],"texture":"#fan_turned"},"west":{"uv":[2,13.5,2.5,16],"texture":"#fan_turned","rotation":270},"east":{"uv":[4,16,3.5,13.5],"texture":"#fan_turned","rotation":270}}},{"from":[2.5,0,11.5],"to":[4.5,1.5,13.5],"faces":{"up":{"uv":[2.5,11.5,4.5,13.5],"texture":"#fan_turned"},"north":{"uv":[4.5,11.5,2.5,12],"texture":"#fan_turned"},"south":{"uv":[2.5,13,4.5,13.5],"texture":"#fan_turned"},"west":{"uv":[2.5,11.5,3,13.5],"texture":"#fan_turned","rotation":270},"east":{"uv":[4.5,13.5,4,11.5],"texture":"#fan_turned","rotation":270}}},{"from":[3,0,10.5],"to":[5,1.5,11.5],"faces":{"up":{"uv":[3,10.5,5,11.5],"texture":"#fan_turned"},"north":{"uv":[5,10.5,3,11],"texture":"#fan_turned"},"south":{"uv":[3,11,5,11.5],"texture":"#fan_turned"},"west":{"uv":[3,10.5,3.5,11.5],"texture":"#fan_turned","rotation":270},"east":{"uv":[5,11.5,4.5,10.5],"texture":"#fan_turned","rotation":270}}},{"from":[3.5,0,9.5],"to":[5.5,1.5,10.5],"faces":{"up":{"uv":[3.5,9.5,5.5,10.5],"texture":"#fan_turned"},"north":{"uv":[5.5,9.5,3.5,10],"texture":"#fan_turned"},"south":{"uv":[3.5,10,5.5,10.5],"texture":"#fan_turned"},"west":{"uv":[3.5,9.5,4,10.5],"texture":"#fan_turned","rotation":270},"east":{"uv":[5.5,10.5,5,9.5],"texture":"#fan_turned","rotation":270}}},{"from":[4,0,8.5],"to":[6,1.5,9.5],"faces":{"up":{"uv":[4,8.5,6,9.5],"texture":"#fan_turned"},"north":{"uv":[6,8.5,4,9],"texture":"#fan_turned"},"south":{"uv":[4,9,6,9.5],"texture":"#fan_turned"},"west":{"uv":[4,8.5,4.5,9.5],"texture":"#fan_turned","rotation":270},"east":{"uv":[6,9.5,5.5,8.5],"texture":"#fan_turned","rotation":270}}},{"from":[4.5,0,7.5],"to":[6.5,1.5,8.5],"faces":{"up":{"uv":[4.5,7.5,6.5,8.5],"texture":"#fan_turned"},"north":{"uv":[6.5,7.5,4.5,8],"texture":"#fan_turned"},"south":{"uv":[4.5,8,6.5,8.5],"texture":"#fan_turned"},"west":{"uv":[4.5,7.5,5,8.5],"texture":"#fan_turned","rotation":270},"east":{"uv":[6.5,8.5,6,7.5],"texture":"#fan_turned","rotation":270}}},{"from":[5,0,7],"to":[7,1.5,7.5],"faces":{"up":{"uv":[5,7,7,7.5],"texture":"#fan_turned"},"north":{"uv":[7,7,5,7.5],"texture":"#fan_turned"},"south":{"uv":[5,7,7,7.5],"texture":"#fan_turned"},"west":{"uv":[5,7,5.5,7.5],"texture":"#fan_turned","rotation":270},"east":{"uv":[7,7.5,6.5,7],"texture":"#fan_turned","rotation":270}}},{"from":[5.5,0,6.5],"to":[6,1.5,7],"faces":{"up":{"uv":[5.5,6.5,6,7],"texture":"#fan_turned"},"north":{"uv":[6,6.5,5.5,7],"texture":"#fan_turned"},"west":{"uv":[5.5,6.5,6,7],"texture":"#fan_turned","rotation":270}}},{"from":[6,0,6],"to":[7,1.5,7],"faces":{"up":{"uv":[6,6,7,7],"texture":"#fan_turned"},"north":{"uv":[6.5,6,6,6.5],"texture":"#fan_turned"},"west":{"uv":[6,6,6.5,6.5],"texture":"#fan_turned","rotation":270}}},{"from":[12,0,14.5],"to":[16,1.5,16],"faces":{"up":{"uv":[12,14.5,16,16],"texture":"#fan_turned"},"north":{"uv":[16,14.5,12,15],"texture":"#fan_turned"},"west":{"uv":[12,14.5,12.5,16],"texture":"#fan_turned","rotation":270}}},{"from":[12.5,0,13.5],"to":[16,1.5,14.5],"faces":{"up":{"uv":[12.5,13.5,16,14.5],"texture":"#fan_turned"},"north":{"uv":[16,13.5,12.5,14],"texture":"#fan_turned"},"west":{"uv":[12.5,13.5,13,14.5],"texture":"#fan_turned","rotation":270}}},{"from":[13,0,13],"to":[16,1.5,13.5],"faces":{"up":{"uv":[13,13,16,13.5],"texture":"#fan_turned"},"north":{"uv":[16,13,13,13.5],"texture":"#fan_turned"},"west":{"uv":[13,13,13.5,13.5],"texture":"#fan_turned","rotation":270}}},{"from":[13.5,0,12.5],"to":[16,1.5,13],"faces":{"up":{"uv":[13.5,12.5,16,13],"texture":"#fan_turned"},"north":{"uv":[16,12.5,13.5,13],"texture":"#fan_turned"},"west":{"uv":[13.5,12.5,14,13],"texture":"#fan_turned","rotation":270}}},{"from":[14.5,0,12],"to":[16,1.5,12.5],"faces":{"up":{"uv":[14.5,12,16,12.5],"texture":"#fan_turned"},"north":{"uv":[16,12,14.5,12.5],"texture":"#fan_turned"},"west":{"uv":[14.5,12,15,12.5],"texture":"#fan_turned","rotation":270}}},{"from":[9.5,0,4],"to":[16,0.125,16],"faces":{"up":{"uv":[9.5,4,16,16],"texture":"#texture1"}}},{"from":[6.5,0,6],"to":[9.5,0.125,16],"faces":{"up":{"uv":[6.5,6,9.5,16],"texture":"#texture1"}}},{"from":[4.5,0,8.5],"to":[6.5,0.125,16],"faces":{"up":{"uv":[4.5,8.5,6.5,16],"texture":"#texture1"}}},{"from":[4,0,13.5],"to":[4.5,0.125,16],"faces":{"up":{"uv":[4,13.5,4.5,16],"texture":"#texture1"}}},{"from":[6.5,0,5.5],"to":[7,1.5,6],"faces":{"up":{"uv":[5.5,6.5,6,7],"texture":"#fan_turned","rotation":90},"north":{"uv":[5.5,6.5,6,7],"texture":"#fan_turned","rotation":270},"west":{"uv":[5.5,6.5,6,7],"texture":"#fan_turned"}}},{"from":[7,0,5],"to":[7.5,1.5,7],"faces":{"up":{"uv":[5,7,7,7.5],"texture":"#fan_turned","rotation":90},"north":{"uv":[5,7,5.5,7.5],"texture":"#fan_turned","rotation":270},"south":{"uv":[7,7.5,6.5,7],"texture":"#fan_turned","rotation":270},"west":{"uv":[5,7,7,7.5],"texture":"#fan_turned"},"east":{"uv":[7,7,5,7.5],"texture":"#fan_turned"}}},{"from":[7.5,0,4.5],"to":[8.5,1.5,6.5],"faces":{"up":{"uv":[4.5,7.5,6.5,8.5],"texture":"#fan_turned","rotation":90},"north":{"uv":[4.5,7.5,5,8.5],"texture":"#fan_turned","rotation":270},"south":{"uv":[6.5,8.5,6,7.5],"texture":"#fan_turned","rotation":270},"west":{"uv":[4.5,8,6.5,8.5],"texture":"#fan_turned"},"east":{"uv":[6.5,7.5,4.5,8],"texture":"#fan_turned"}}},{"from":[8.5,0,4],"to":[9.5,1.5,6],"faces":{"up":{"uv":[4,8.5,6,9.5],"texture":"#fan_turned","rotation":90},"north":{"uv":[4,8.5,4.5,9.5],"texture":"#fan_turned","rotation":270},"south":{"uv":[6,9.5,5.5,8.5],"texture":"#fan_turned","rotation":270},"west":{"uv":[4,9,6,9.5],"texture":"#fan_turned"},"east":{"uv":[6,8.5,4,9],"texture":"#fan_turned"}}},{"from":[9.5,0,3.5],"to":[10.5,1.5,5.5],"faces":{"up":{"uv":[3.5,9.5,5.5,10.5],"texture":"#fan_turned","rotation":90},"north":{"uv":[3.5,9.5,4,10.5],"texture":"#fan_turned","rotation":270},"south":{"uv":[5.5,10.5,5,9.5],"texture":"#fan_turned","rotation":270},"west":{"uv":[3.5,10,5.5,10.5],"texture":"#fan_turned"},"east":{"uv":[5.5,9.5,3.5,10],"texture":"#fan_turned"}}},{"from":[10.5,0,3],"to":[11.5,1.5,5],"faces":{"up":{"uv":[3,10.5,5,11.5],"texture":"#fan_turned","rotation":90},"north":{"uv":[3,10.5,3.5,11.5],"texture":"#fan_turned","rotation":270},"south":{"uv":[5,11.5,4.5,10.5],"texture":"#fan_turned","rotation":270},"west":{"uv":[3,11,5,11.5],"texture":"#fan_turned"},"east":{"uv":[5,10.5,3,11],"texture":"#fan_turned"}}},{"from":[11.5,0,2.5],"to":[13.5,1.5,4.5],"faces":{"up":{"uv":[2.5,11.5,4.5,13.5],"texture":"#fan_turned","rotation":90},"north":{"uv":[2.5,11.5,3,13.5],"texture":"#fan_turned","rotation":270},"south":{"uv":[4.5,13.5,4,11.5],"texture":"#fan_turned","rotation":270},"west":{"uv":[2.5,13,4.5,13.5],"texture":"#fan_turned"},"east":{"uv":[4.5,11.5,2.5,12],"texture":"#fan_turned"}}},{"from":[13.5,0,2],"to":[16,1.5,4],"faces":{"up":{"uv":[2,13.5,4,16],"texture":"#fan_turned","rotation":90},"north":{"uv":[2,13.5,2.5,16],"texture":"#fan_turned","rotation":270},"south":{"uv":[4,16,3.5,13.5],"texture":"#fan_turned","rotation":270},"west":{"uv":[2,14.5,4,16],"texture":"#fan_turned"}}},{"from":[5.75,0.5,12.25],"to":[13.25,1,14.25],"rotation":{"origin":[13.25,0.5,13.25],"axis":"y","angle":-45},"faces":{"up":{"uv":[3,11,12,13],"texture":"#fan_blades"},"north":{"uv":[12,11,3,11.5],"texture":"#fan_blades"},"south":{"uv":[3,12.5,12,13],"texture":"#fan_blades"},"west":{"uv":[3,13,3.5,11],"texture":"#fan_blades","rotation":90}}},{"from":[4.5,0.5,14],"to":[12,1,16],"rotation":{"origin":[12,0.5,16],"axis":"y","angle":-22.5},"faces":{"up":{"uv":[3,11,12,13],"texture":"#fan_blades"},"north":{"uv":[12,11,3,11.5],"texture":"#fan_blades"},"south":{"uv":[3,12.5,12,13],"texture":"#fan_blades"},"west":{"uv":[3,13,3.5,11],"texture":"#fan_blades","rotation":90}}},{"from":[14,0.5,4.5],"to":[16,1,12],"rotation":{"origin":[16,0.5,12],"axis":"y","angle":22.5},"faces":{"up":{"uv":[3,11,12,13],"texture":"#fan_blades","rotation":90},"north":{"uv":[3,13,3.5,11],"texture":"#fan_blades","rotation":90},"west":{"uv":[3,12.5,12,13],"texture":"#fan_blades"},"east":{"uv":[12,11,3,11.5],"texture":"#fan_blades"}}}]}