{"__comment":"Designed_by_IgnitingIce_with_Cubik_Studio_-_https://cubik.studio","textures":{"particle":"block/fan_turned","fan_turned":"block/fan_turned","texture1":"block/coal_block_replace","fan_blades":"block/fan_blades"},"elements":[{"__comment":"Cube1","from":[2,0,13.5],"to":[4,1.5,16],"faces":{"down":{"uv":[2,16,4,13.5],"texture":"#fan_turned","cullface":"down"},"up":{"uv":[2,13.5,4,16],"texture":"#fan_turned"},"north":{"uv":[4,13.5,2,14],"texture":"#fan_turned"},"south":{"uv":[2,15.5,4,16],"texture":"#fan_turned","cullface":"south"},"west":{"uv":[2,13.5,2.5,16],"texture":"#fan_turned","rotation":270},"east":{"uv":[4,16,3.5,13.5],"texture":"#fan_turned","rotation":270}}},{"__comment":"Cube2","from":[2.5,0,11.5],"to":[4.5,1.5,13.5],"faces":{"down":{"uv":[2.5,13.5,4.5,11.5],"texture":"#fan_turned","cullface":"down"},"up":{"uv":[2.5,11.5,4.5,13.5],"texture":"#fan_turned"},"north":{"uv":[4.5,11.5,2.5,12],"texture":"#fan_turned"},"south":{"uv":[2.5,13,4.5,13.5],"texture":"#fan_turned"},"west":{"uv":[2.5,11.5,3,13.5],"texture":"#fan_turned","rotation":270},"east":{"uv":[4.5,13.5,4,11.5],"texture":"#fan_turned","rotation":270}}},{"__comment":"Cube3","from":[3,0,10.5],"to":[5,1.5,11.5],"faces":{"down":{"uv":[3,11.5,5,10.5],"texture":"#fan_turned","cullface":"down"},"up":{"uv":[3,10.5,5,11.5],"texture":"#fan_turned"},"north":{"uv":[5,10.5,3,11],"texture":"#fan_turned"},"south":{"uv":[3,11,5,11.5],"texture":"#fan_turned"},"west":{"uv":[3,10.5,3.5,11.5],"texture":"#fan_turned","rotation":270},"east":{"uv":[5,11.5,4.5,10.5],"texture":"#fan_turned","rotation":270}}},{"__comment":"Cube4","from":[3.5,0,9.5],"to":[5.5,1.5,10.5],"faces":{"down":{"uv":[3.5,10.5,5.5,9.5],"texture":"#fan_turned","cullface":"down"},"up":{"uv":[3.5,9.5,5.5,10.5],"texture":"#fan_turned"},"north":{"uv":[5.5,9.5,3.5,10],"texture":"#fan_turned"},"south":{"uv":[3.5,10,5.5,10.5],"texture":"#fan_turned"},"west":{"uv":[3.5,9.5,4,10.5],"texture":"#fan_turned","rotation":270},"east":{"uv":[5.5,10.5,5,9.5],"texture":"#fan_turned","rotation":270}}},{"__comment":"Cube5","from":[4,0,8.5],"to":[6,1.5,9.5],"faces":{"down":{"uv":[4,9.5,6,8.5],"texture":"#fan_turned","cullface":"down"},"up":{"uv":[4,8.5,6,9.5],"texture":"#fan_turned"},"north":{"uv":[6,8.5,4,9],"texture":"#fan_turned"},"south":{"uv":[4,9,6,9.5],"texture":"#fan_turned"},"west":{"uv":[4,8.5,4.5,9.5],"texture":"#fan_turned","rotation":270},"east":{"uv":[6,9.5,5.5,8.5],"texture":"#fan_turned","rotation":270}}},{"__comment":"Cube6","from":[4.5,0,7.5],"to":[6.5,1.5,8.5],"faces":{"down":{"uv":[4.5,8.5,6.5,7.5],"texture":"#fan_turned","cullface":"down"},"up":{"uv":[4.5,7.5,6.5,8.5],"texture":"#fan_turned"},"north":{"uv":[6.5,7.5,4.5,8],"texture":"#fan_turned"},"south":{"uv":[4.5,8,6.5,8.5],"texture":"#fan_turned"},"west":{"uv":[4.5,7.5,5,8.5],"texture":"#fan_turned","rotation":270},"east":{"uv":[6.5,8.5,6,7.5],"texture":"#fan_turned","rotation":270}}},{"__comment":"Cube7","from":[5,0,7],"to":[7,1.5,7.5],"faces":{"down":{"uv":[5,7.5,7,7],"texture":"#fan_turned","cullface":"down"},"up":{"uv":[5,7,7,7.5],"texture":"#fan_turned"},"north":{"uv":[7,7,5,7.5],"texture":"#fan_turned"},"south":{"uv":[5,7,7,7.5],"texture":"#fan_turned"},"west":{"uv":[5,7,5.5,7.5],"texture":"#fan_turned","rotation":270},"east":{"uv":[7,7.5,6.5,7],"texture":"#fan_turned","rotation":270}}},{"__comment":"Cube8","from":[5.5,0,6.5],"to":[7.5,1.5,7],"faces":{"down":{"uv":[5.5,7,7.5,6.5],"texture":"#fan_turned","cullface":"down"},"up":{"uv":[5.5,6.5,7.5,7],"texture":"#fan_turned"},"north":{"uv":[7.5,6.5,5.5,7],"texture":"#fan_turned"},"south":{"uv":[5.5,6.5,7.5,7],"texture":"#fan_turned"},"west":{"uv":[5.5,6.5,6,7],"texture":"#fan_turned","rotation":270},"east":{"uv":[7.5,7,7,6.5],"texture":"#fan_turned","rotation":270}}},{"__comment":"Cube9","from":[6,0,6],"to":[8.5,1.5,6.5],"faces":{"down":{"uv":[6,6.5,8.5,6],"texture":"#fan_turned","cullface":"down"},"up":{"uv":[6,6,8.5,6.5],"texture":"#fan_turned"},"north":{"uv":[8.5,6,6,6.5],"texture":"#fan_turned"},"south":{"uv":[6,6,8.5,6.5],"texture":"#fan_turned"},"west":{"uv":[6,6,6.5,6.5],"texture":"#fan_turned","rotation":270},"east":{"uv":[8.5,6.5,8,6],"texture":"#fan_turned","rotation":270}}},{"__comment":"Cube10","from":[6.5,0,5.5],"to":[9.5,1.5,6],"faces":{"down":{"uv":[6.5,6,9.5,5.5],"texture":"#fan_turned","cullface":"down"},"up":{"uv":[6.5,5.5,9.5,6],"texture":"#fan_turned"},"north":{"uv":[9.5,5.5,6.5,6],"texture":"#fan_turned"},"south":{"uv":[6.5,5.5,9.5,6],"texture":"#fan_turned"},"west":{"uv":[6.5,5.5,7,6],"texture":"#fan_turned","rotation":270},"east":{"uv":[9.5,6,9,5.5],"texture":"#fan_turned","rotation":270}}},{"__comment":"Cube11","from":[7,0,5],"to":[10.5,1.5,5.5],"faces":{"down":{"uv":[7,5.5,10.5,5],"texture":"#fan_turned","cullface":"down"},"up":{"uv":[7,5,10.5,5.5],"texture":"#fan_turned"},"north":{"uv":[10.5,5,7,5.5],"texture":"#fan_turned"},"south":{"uv":[7,5,10.5,5.5],"texture":"#fan_turned"},"west":{"uv":[7,5,7.5,5.5],"texture":"#fan_turned","rotation":270},"east":{"uv":[10.5,5.5,10,5],"texture":"#fan_turned","rotation":270}}},{"__comment":"Cube12","from":[7.5,0,4.5],"to":[11.5,1.5,5],"faces":{"down":{"uv":[7.5,5,11.5,4.5],"texture":"#fan_turned","cullface":"down"},"up":{"uv":[7.5,4.5,11.5,5],"texture":"#fan_turned"},"north":{"uv":[11.5,4.5,7.5,5],"texture":"#fan_turned"},"south":{"uv":[7.5,4.5,11.5,5],"texture":"#fan_turned"},"west":{"uv":[7.5,4.5,8,5],"texture":"#fan_turned","rotation":270},"east":{"uv":[11.5,5,11,4.5],"texture":"#fan_turned","rotation":270}}},{"__comment":"Cube13","from":[8.5,0,4],"to":[13.5,1.5,4.5],"faces":{"down":{"uv":[8.5,4.5,13.5,4],"texture":"#fan_turned","cullface":"down"},"up":{"uv":[8.5,4,13.5,4.5],"texture":"#fan_turned"},"north":{"uv":[13.5,4,8.5,4.5],"texture":"#fan_turned"},"south":{"uv":[8.5,4,13.5,4.5],"texture":"#fan_turned"},"west":{"uv":[8.5,4,9,4.5],"texture":"#fan_turned","rotation":270},"east":{"uv":[13.5,4.5,13,4],"texture":"#fan_turned","rotation":270}}},{"__comment":"Cube14","from":[9.5,0,3.5],"to":[16,1.5,4],"faces":{"down":{"uv":[9.5,4,16,3.5],"texture":"#fan_turned","cullface":"down"},"up":{"uv":[9.5,3.5,16,4],"texture":"#fan_turned"},"north":{"uv":[16,3.5,9.5,4],"texture":"#fan_turned"},"south":{"uv":[9.5,3.5,16,4],"texture":"#fan_turned"},"west":{"uv":[9.5,3.5,10,4],"texture":"#fan_turned","rotation":270},"east":{"uv":[16,4,15.5,3.5],"texture":"#fan_turned","cullface":"east","rotation":270}}},{"__comment":"Cube15","from":[10.5,0,3],"to":[16,1.5,3.5],"faces":{"down":{"uv":[10.5,3.5,16,3],"texture":"#fan_turned","cullface":"down"},"up":{"uv":[10.5,3,16,3.5],"texture":"#fan_turned"},"north":{"uv":[16,3,10.5,3.5],"texture":"#fan_turned"},"west":{"uv":[10.5,3,11,3.5],"texture":"#fan_turned","rotation":270},"east":{"uv":[16,3.5,15.5,3],"texture":"#fan_turned","cullface":"east","rotation":270}}},{"__comment":"Cube16","from":[11.5,0,2.5],"to":[16,1.5,3],"faces":{"down":{"uv":[11.5,3,16,2.5],"texture":"#fan_turned","cullface":"down"},"up":{"uv":[11.5,2.5,16,3],"texture":"#fan_turned"},"north":{"uv":[16,2.5,11.5,3],"texture":"#fan_turned"},"west":{"uv":[11.5,2.5,12,3],"texture":"#fan_turned","rotation":270},"east":{"uv":[16,3,15.5,2.5],"texture":"#fan_turned","cullface":"east","rotation":270}}},{"__comment":"Cube17","from":[12,0,14.5],"to":[16,1.5,16],"faces":{"up":{"uv":[12,14.5,16,16],"texture":"#fan_turned"},"north":{"uv":[16,14.5,12,15],"texture":"#fan_turned"},"south":{"uv":[12,15.5,16,16],"texture":"#fan_turned","cullface":"south"},"west":{"uv":[12,14.5,12.5,16],"texture":"#fan_turned","rotation":270},"east":{"uv":[16,16,15.5,14.5],"texture":"#fan_turned","cullface":"east","rotation":270}}},{"__comment":"Cube18","from":[12.5,0,13.5],"to":[16,1.5,14.5],"faces":{"up":{"uv":[12.5,13.5,16,14.5],"texture":"#fan_turned"},"north":{"uv":[16,13.5,12.5,14],"texture":"#fan_turned"},"west":{"uv":[12.5,13.5,13,14.5],"texture":"#fan_turned","rotation":270},"east":{"uv":[16,14.5,15.5,13.5],"texture":"#fan_turned","cullface":"east","rotation":270}}},{"__comment":"Cube19","from":[13,0,13],"to":[16,1.5,13.5],"faces":{"up":{"uv":[13,13,16,13.5],"texture":"#fan_turned"},"north":{"uv":[16,13,13,13.5],"texture":"#fan_turned"},"west":{"uv":[13,13,13.5,13.5],"texture":"#fan_turned","rotation":270},"east":{"uv":[16,13.5,15.5,13],"texture":"#fan_turned","cullface":"east","rotation":270}}},{"__comment":"Cube20","from":[13.5,0,2],"to":[16,1.5,2.5],"faces":{"down":{"uv":[13.5,2.5,16,2],"texture":"#fan_turned","cullface":"down"},"up":{"uv":[13.5,2,16,2.5],"texture":"#fan_turned"},"north":{"uv":[16,2,13.5,2.5],"texture":"#fan_turned"},"west":{"uv":[13.5,2,14,2.5],"texture":"#fan_turned","rotation":270},"east":{"uv":[16,2.5,15.5,2],"texture":"#fan_turned","cullface":"east","rotation":270}}},{"__comment":"Cube21","from":[13.5,0,12.5],"to":[16,1.5,13],"faces":{"up":{"uv":[13.5,12.5,16,13],"texture":"#fan_turned"},"north":{"uv":[16,12.5,13.5,13],"texture":"#fan_turned"},"west":{"uv":[13.5,12.5,14,13],"texture":"#fan_turned","rotation":270},"east":{"uv":[16,13,15.5,12.5],"texture":"#fan_turned","cullface":"east","rotation":270}}},{"__comment":"Cube22","from":[14.5,0,12],"to":[16,1.5,12.5],"faces":{"up":{"uv":[14.5,12,16,12.5],"texture":"#fan_turned"},"north":{"uv":[16,12,14.5,12.5],"texture":"#fan_turned"},"west":{"uv":[14.5,12,15,12.5],"texture":"#fan_turned","rotation":270},"east":{"uv":[16,12.5,15.5,12],"texture":"#fan_turned","cullface":"east","rotation":270}}},{"__comment":"Black","from":[9.5,0,4],"to":[16,0.125,16],"faces":{"down":{"uv":[9.5,0,16,12],"texture":"#texture1","cullface":"down"},"up":{"uv":[9.5,4,16,16],"texture":"#texture1"},"south":{"uv":[9.5,15.875,16,16],"texture":"#texture1","cullface":"south"},"west":{"uv":[4,15.875,16,16],"texture":"#texture1"},"east":{"uv":[0,15.875,12,16],"texture":"#texture1","cullface":"east"}}},{"__comment":"Black1","from":[6.5,0,6],"to":[9.5,0.125,16],"faces":{"down":{"uv":[6.5,0,9.5,10],"texture":"#texture1","cullface":"down"},"up":{"uv":[6.5,6,9.5,16],"texture":"#texture1"},"south":{"uv":[6.5,15.999,9.5,16],"texture":"#texture1","cullface":"south"},"west":{"uv":[6,15.999,16,16],"texture":"#texture1"}}},{"__comment":"Black2","from":[4.5,0,8.5],"to":[6.5,0.125,16],"faces":{"down":{"uv":[4.5,0,6.5,7.5],"texture":"#texture1","cullface":"down"},"up":{"uv":[4.5,8.5,6.5,16],"texture":"#texture1"},"south":{"uv":[4.5,15.999,6.5,16],"texture":"#texture1","cullface":"south"},"west":{"uv":[8.5,15.999,16,16],"texture":"#texture1"}}},{"__comment":"Black3","from":[4,0,13.5],"to":[4.5,0.125,16],"faces":{"down":{"uv":[4,0,4.5,2.5],"texture":"#texture1","cullface":"down"},"up":{"uv":[4,13.5,4.5,16],"texture":"#texture1"},"south":{"uv":[4,15.999,4.5,16],"texture":"#texture1","cullface":"south"}}},{"__comment":"Blades","from":[5,0.5,12],"to":[7,1,13.5],"faces":{"up":{"uv":[5,12,7,13.5],"texture":"#fan_blades"},"north":{"uv":[7,12,5,12.5],"texture":"#fan_blades"},"south":{"uv":[5,13,7,13.5],"texture":"#fan_blades"},"west":{"uv":[5,12,5.5,13.5],"texture":"#fan_blades","rotation":270},"east":{"uv":[7,13.5,6.5,12],"texture":"#fan_blades","rotation":270}}},{"__comment":"Blades1","from":[5.5,0.5,13.5],"to":[11.5,1,14],"faces":{"up":{"uv":[5.5,13.5,11.5,14],"texture":"#fan_blades"},"north":{"uv":[11.5,13.5,5.5,14],"texture":"#fan_blades"},"south":{"uv":[5.5,13.5,11.5,14],"texture":"#fan_blades"},"west":{"uv":[5.5,13.5,6,14],"texture":"#fan_blades","rotation":270},"east":{"uv":[11.5,14,11,13.5],"texture":"#fan_blades","rotation":270}}},{"__comment":"Blades2","from":[7,0.5,8],"to":[9.5,1,8.5],"faces":{"up":{"uv":[7,8,9.5,8.5],"texture":"#fan_blades"},"north":{"uv":[9.5,8,7,8.5],"texture":"#fan_blades"},"south":{"uv":[7,8,9.5,8.5],"texture":"#fan_blades"},"west":{"uv":[7,8,7.5,8.5],"texture":"#fan_blades","rotation":270},"east":{"uv":[9.5,8.5,9,8],"texture":"#fan_blades","rotation":270}}},{"__comment":"Blades3","from":[7,0.5,12.5],"to":[8.5,1,14.5],"faces":{"up":{"uv":[7,12.5,8.5,14.5],"texture":"#fan_blades"},"north":{"uv":[8.5,12.5,7,13],"texture":"#fan_blades"},"south":{"uv":[7,14,8.5,14.5],"texture":"#fan_blades"},"west":{"uv":[7,12.5,7.5,14.5],"texture":"#fan_blades","rotation":270},"east":{"uv":[8.5,14.5,8,12.5],"texture":"#fan_blades","rotation":270}}},{"__comment":"Blades4","from":[7.5,0.5,7.5],"to":[9,1,9],"faces":{"up":{"uv":[7.5,7.5,9,9],"texture":"#fan_blades"},"north":{"uv":[9,7.5,7.5,8],"texture":"#fan_blades"},"south":{"uv":[7.5,8.5,9,9],"texture":"#fan_blades"},"west":{"uv":[7.5,7.5,8,9],"texture":"#fan_blades","rotation":270},"east":{"uv":[9,9,8.5,7.5],"texture":"#fan_blades","rotation":270}}},{"__comment":"Blades5","from":[8,0.5,7],"to":[8.5,1,9.5],"faces":{"up":{"uv":[8,7,8.5,9.5],"texture":"#fan_blades"},"north":{"uv":[8.5,7,8,7.5],"texture":"#fan_blades"},"south":{"uv":[8,9,8.5,9.5],"texture":"#fan_blades"},"west":{"uv":[8,7,8.5,9.5],"texture":"#fan_blades","rotation":270},"east":{"uv":[8.5,9.5,8,7],"texture":"#fan_blades","rotation":270}}},{"__comment":"Blades6","from":[8.5,0.5,9],"to":[10.5,1,10],"faces":{"up":{"uv":[8.5,9,10.5,10],"texture":"#fan_blades"},"north":{"uv":[10.5,9,8.5,9.5],"texture":"#fan_blades"},"south":{"uv":[8.5,9.5,10.5,10],"texture":"#fan_blades"},"west":{"uv":[8.5,9,9,10],"texture":"#fan_blades","rotation":270},"east":{"uv":[10.5,10,10,9],"texture":"#fan_blades","rotation":270}}},{"__comment":"Blades7","from":[8.5,0.5,13],"to":[10,1,15],"faces":{"up":{"uv":[8.5,13,10,15],"texture":"#fan_blades"},"north":{"uv":[10,13,8.5,13.5],"texture":"#fan_blades"},"south":{"uv":[8.5,14.5,10,15],"texture":"#fan_blades"},"west":{"uv":[8.5,13,9,15],"texture":"#fan_blades","rotation":270},"east":{"uv":[10,15,9.5,13],"texture":"#fan_blades","rotation":270}}},{"__comment":"Blades8","from":[9,0.5,8.5],"to":[10,1,10.5],"faces":{"up":{"uv":[9,8.5,10,10.5],"texture":"#fan_blades"},"north":{"uv":[10,8.5,9,9],"texture":"#fan_blades"},"south":{"uv":[9,10,10,10.5],"texture":"#fan_blades"},"west":{"uv":[9,8.5,9.5,10.5],"texture":"#fan_blades","rotation":270},"east":{"uv":[10,10.5,9.5,8.5],"texture":"#fan_blades","rotation":270}}},{"__comment":"Blades9","from":[9.5,0.5,10.5],"to":[12,1,11],"faces":{"up":{"uv":[9.5,10.5,12,11],"texture":"#fan_blades"},"north":{"uv":[12,10.5,9.5,11],"texture":"#fan_blades"},"south":{"uv":[9.5,10.5,12,11],"texture":"#fan_blades"},"west":{"uv":[9.5,10.5,10,11],"texture":"#fan_blades","rotation":270},"east":{"uv":[12,11,11.5,10.5],"texture":"#fan_blades","rotation":270}}},{"__comment":"Blades10","from":[10,0.5,10],"to":[11.5,1,11.5],"faces":{"up":{"uv":[10,10,11.5,11.5],"texture":"#fan_blades"},"north":{"uv":[11.5,10,10,10.5],"texture":"#fan_blades"},"south":{"uv":[10,11,11.5,11.5],"texture":"#fan_blades"},"west":{"uv":[10,10,10.5,11.5],"texture":"#fan_blades","rotation":270},"east":{"uv":[11.5,11.5,11,10],"texture":"#fan_blades","rotation":270}}},{"__comment":"Blades11","from":[10,0.5,14],"to":[12.5,1,14.5],"faces":{"up":{"uv":[10,14,12.5,14.5],"texture":"#fan_blades"},"north":{"uv":[12.5,14,10,14.5],"texture":"#fan_blades"},"south":{"uv":[10,14,12.5,14.5],"texture":"#fan_blades"}}},{"__comment":"Blades12","from":[10,0.5,14.5],"to":[12,1,15.5],"faces":{"up":{"uv":[10,14.5,12,15.5],"texture":"#fan_blades"},"south":{"uv":[10,15,12,15.5],"texture":"#fan_blades"},"west":{"uv":[10,14.5,10.5,15.5],"texture":"#fan_blades","rotation":270}}},{"__comment":"Blades13","from":[10.5,0.5,9.5],"to":[11,1,12],"faces":{"up":{"uv":[10.5,9.5,11,12],"texture":"#fan_blades"},"north":{"uv":[11,9.5,10.5,10],"texture":"#fan_blades"},"south":{"uv":[10.5,11.5,11,12],"texture":"#fan_blades"},"west":{"uv":[10.5,9.5,11,12],"texture":"#fan_blades","rotation":270},"east":{"uv":[11,12,10.5,9.5],"texture":"#fan_blades","rotation":270}}},{"__comment":"Blades14","from":[11,0.5,11.5],"to":[13,1,12.5],"faces":{"up":{"uv":[11,11.5,13,12.5],"texture":"#fan_blades"},"north":{"uv":[13,11.5,11,12],"texture":"#fan_blades"},"south":{"uv":[11,12,13,12.5],"texture":"#fan_blades"},"west":{"uv":[11,11.5,11.5,12.5],"texture":"#fan_blades","rotation":270},"east":{"uv":[13,12.5,12.5,11.5],"texture":"#fan_blades","rotation":270}}},{"__comment":"Blades15","from":[11.5,0.5,11],"to":[12.5,1,13],"faces":{"up":{"uv":[11.5,11,12.5,13],"texture":"#fan_blades"},"north":{"uv":[12.5,11,11.5,11.5],"texture":"#fan_blades"},"south":{"uv":[11.5,12.5,12.5,13],"texture":"#fan_blades"},"west":{"uv":[11.5,11,12,13],"texture":"#fan_blades","rotation":270},"east":{"uv":[12.5,13,12,11],"texture":"#fan_blades","rotation":270}}},{"__comment":"Blades16","from":[11.5,0.5,15.5],"to":[12,1,16],"faces":{"up":{"uv":[11.5,15.5,12,16],"texture":"#fan_blades"},"south":{"uv":[11.5,15.5,12,16],"texture":"#fan_blades","cullface":"south"},"west":{"uv":[11.5,15.5,12,16],"texture":"#fan_blades","rotation":270}}},{"__comment":"Blades17","from":[12,0.5,5],"to":[13.5,1,7],"faces":{"up":{"uv":[12,5,13.5,7],"texture":"#fan_blades"},"north":{"uv":[13.5,5,12,5.5],"texture":"#fan_blades"},"south":{"uv":[12,6.5,13.5,7],"texture":"#fan_blades"},"west":{"uv":[12,5,12.5,7],"texture":"#fan_blades","rotation":270},"east":{"uv":[13.5,7,13,5],"texture":"#fan_blades","rotation":270}}},{"__comment":"Blades18","from":[12,0.5,13],"to":[13,1,13.5],"faces":{"up":{"uv":[12,13,13,13.5],"texture":"#fan_blades"},"north":{"uv":[13,13,12,13.5],"texture":"#fan_blades"},"south":{"uv":[12,13,13,13.5],"texture":"#fan_blades"},"west":{"uv":[12,13,12.5,13.5],"texture":"#fan_blades","rotation":270}}},{"__comment":"Blades19","from":[12.5,0.5,7],"to":[14.5,1,8.5],"faces":{"up":{"uv":[12.5,7,14.5,8.5],"texture":"#fan_blades"},"north":{"uv":[14.5,7,12.5,7.5],"texture":"#fan_blades"},"south":{"uv":[12.5,8,14.5,8.5],"texture":"#fan_blades"},"west":{"uv":[12.5,7,13,8.5],"texture":"#fan_blades","rotation":270},"east":{"uv":[14.5,8.5,14,7],"texture":"#fan_blades","rotation":270}}},{"__comment":"Blades20","from":[12.5,0.5,12.5],"to":[13.5,1,13],"faces":{"up":{"uv":[12.5,12.5,13.5,13],"texture":"#fan_blades"},"north":{"uv":[13.5,12.5,12.5,13],"texture":"#fan_blades"},"south":{"uv":[12.5,12.5,13.5,13],"texture":"#fan_blades"}}},{"__comment":"Blades21","from":[13,0.5,8.5],"to":[15,1,10],"faces":{"up":{"uv":[13,8.5,15,10],"texture":"#fan_blades"},"north":{"uv":[15,8.5,13,9],"texture":"#fan_blades"},"south":{"uv":[13,9.5,15,10],"texture":"#fan_blades"},"west":{"uv":[13,8.5,13.5,10],"texture":"#fan_blades","rotation":270},"east":{"uv":[15,10,14.5,8.5],"texture":"#fan_blades","rotation":270}}},{"__comment":"Blades22","from":[13,0.5,12],"to":[13.5,1,12.5],"faces":{"up":{"uv":[13,12,13.5,12.5],"texture":"#fan_blades"},"north":{"uv":[13.5,12,13,12.5],"texture":"#fan_blades"},"east":{"uv":[13.5,12.5,13,12],"texture":"#fan_blades","rotation":270}}},{"__comment":"Blades23","from":[13.5,0.5,5.5],"to":[14,1,11.5],"faces":{"up":{"uv":[13.5,5.5,14,11.5],"texture":"#fan_blades"},"north":{"uv":[14,5.5,13.5,6],"texture":"#fan_blades"},"south":{"uv":[13.5,11,14,11.5],"texture":"#fan_blades"},"west":{"uv":[13.5,5.5,14,11.5],"texture":"#fan_blades","rotation":270},"east":{"uv":[14,11.5,13.5,5.5],"texture":"#fan_blades","rotation":270}}},{"__comment":"Blades24","from":[14,0.5,10],"to":[15.5,1,12],"faces":{"up":{"uv":[14,10,15.5,12],"texture":"#fan_blades"},"north":{"uv":[15.5,10,14,10.5],"texture":"#fan_blades"},"south":{"uv":[14,11.5,15.5,12],"texture":"#fan_blades"},"west":{"uv":[14,10,14.5,12],"texture":"#fan_blades","rotation":270},"east":{"uv":[15.5,12,15,10],"texture":"#fan_blades","rotation":270}}},{"__comment":"Blades25","from":[14,0.5,12],"to":[14.5,1,12.5],"faces":{"up":{"uv":[14,12,14.5,12.5],"texture":"#fan_blades"},"west":{"uv":[14,12,14.5,12.5],"texture":"#fan_blades","rotation":270}}},{"__comment":"Blades26","from":[15.5,0.5,11.5],"to":[16,1,12],"faces":{"up":{"uv":[15.5,11.5,16,12],"texture":"#fan_blades"},"north":{"uv":[16,11.5,15.5,12],"texture":"#fan_blades"},"east":{"uv":[16,12,15.5,11.5],"texture":"#fan_blades","cullface":"east","rotation":270}}}]}