{
	"__comment": "Designed by Ignitingice with BDcraft Cubik PRO 0.96 Beta - http://bdcraft.net",
	"ambientocclusion": false,
	"textures": {
		"ground": "block/nether_bricks",
		"stand": "blocks/lamp_tall",
		"bulb": "blocks/light_gray_wool",
		"extra": "blocks/iron_block"
	},
	"elements": [ 	 
		{
			"__comment": "PlaneY2",
			"from": [ 0, 0, 0 ],
			"to": [ 16, 0.001, 16 ],
			"faces": {
				"down": { "uv": [ 0, 0, 16, 16 ], "texture": "#ground" },
				"up": { "uv": [ 0, 0, 16, 16 ], "texture": "#ground" }
			}
		},
		{
			"__comment": "Element",
			"from": [ 4, 0, 4 ],
			"to": [ 12, 1, 12 ],
			"faces": {
				"down": { "uv": [ 0, 12, 4, 16 ], "texture": "#stand" },
				"up": { "uv": [ 0, 12, 4, 16 ], "texture": "#stand" },
				"north": { "uv": [ 0, 11.5, 4, 12 ], "texture": "#stand" },
				"south": { "uv": [ 0, 11.5, 4, 12 ], "texture": "#stand" },
				"west": { "uv": [ 4, 12, 4.5, 16 ], "texture": "#stand", "rotation": 90 },
				"east": { "uv": [ 4, 12, 4.5, 16 ], "texture": "#stand", "rotation": 90 }
			}
		},
		{
			"__comment": "Element",
			"from": [ 7.25, 1, 7.25 ],
			"to": [ 8.75, 26, 8.75 ],
			"faces": {
				"north": { "uv": [ 13, 3.499999, 13.75, 16 ], "texture": "#stand" },
				"south": { "uv": [ 14.5, 3.499999, 15.25, 16 ], "texture": "#stand" },
				"west": { "uv": [ 13.75, 3.499999, 14.5, 16 ], "texture": "#stand" },
				"east": { "uv": [ 15.25, 3.499999, 16, 16 ], "texture": "#stand" }
			}
		},
		{
			"__comment": "Element",
			"from": [ 7.15, 26, 7.15 ],
			"to": [ 8.85, 26.5, 8.85 ],
			"faces": {
				"down": { "uv": [ 7.15, 7.15, 8.85, 8.85 ], "texture": "#extra" },
				"up": { "uv": [ 7.15, 7.15, 8.85, 8.85 ], "texture": "#extra" },
				"north": { "uv": [ 7.15, 5.5, 8.85, 6 ], "texture": "#extra" },
				"south": { "uv": [ 7.15, 5.5, 8.85, 6 ], "texture": "#extra" },
				"west": { "uv": [ 7.15, 5.5, 8.85, 6 ], "texture": "#extra" },
				"east": { "uv": [ 7.15, 5.5, 8.85, 6 ], "texture": "#extra" }
			}
		},
		{
			"__comment": "Element",
			"from": [ 7.25, 26.5, 7.25 ],
			"to": [ 7.75, 27.5, 7.75 ],
			"faces": {
				"up": { "uv": [ 7.25, 7.25, 7.75, 7.75 ], "texture": "#bulb" },
				"north": { "uv": [ 8.25, 4.5, 8.75, 5.5 ], "texture": "#bulb" },
				"south": { "uv": [ 7.25, 4.5, 7.75, 5.5 ], "texture": "#bulb" },
				"west": { "uv": [ 7.25, 4.5, 7.75, 5.5 ], "texture": "#bulb" },
				"east": { "uv": [ 8.25, 4.5, 8.75, 5.5 ], "texture": "#bulb" }
			}
		},
		{
			"__comment": "Element",
			"from": [ 8.25, 26.5, 8.25 ],
			"to": [ 8.75, 27.5, 8.75 ],
			"faces": {
				"up": { "uv": [ 8.25, 8.25, 8.75, 8.75 ], "texture": "#bulb" },
				"north": { "uv": [ 7.25, 4.5, 7.75, 5.5 ], "texture": "#bulb" },
				"south": { "uv": [ 8.25, 4.5, 8.75, 5.5 ], "texture": "#bulb" },
				"west": { "uv": [ 8.25, 4.5, 8.75, 5.5 ], "texture": "#bulb" },
				"east": { "uv": [ 7.25, 4.5, 7.75, 5.5 ], "texture": "#bulb" }
			}
		},
		{
			"__comment": "Element",
			"from": [ 7.25, 27, 8.25 ],
			"to": [ 8.25, 27.5, 8.75 ],
			"faces": {
				"down": { "uv": [ 7.25, 7.25, 8.25, 7.75 ], "texture": "#bulb" },
				"up": { "uv": [ 7.25, 8.25, 8.25, 8.75 ], "texture": "#bulb" },
				"north": { "uv": [ 7.75, 4.5, 8.75, 5 ], "texture": "#bulb" },
				"south": { "uv": [ 7.25, 4.5, 8.25, 5 ], "texture": "#bulb" },
				"west": { "uv": [ 8.25, 4.5, 8.75, 5 ], "texture": "#bulb" }
			}
		},
		{
			"__comment": "Element",
			"from": [ 7.75, 27, 7.25 ],
			"to": [ 8.75, 27.5, 7.75 ],
			"faces": {
				"down": { "uv": [ 7.75, 8.25, 8.75, 8.75 ], "texture": "#bulb" },
				"up": { "uv": [ 7.75, 7.25, 8.75, 7.75 ], "texture": "#bulb" },
				"north": { "uv": [ 7.25, 4.5, 8.25, 5 ], "texture": "#bulb" },
				"south": { "uv": [ 7.75, 4.5, 8.75, 5 ], "texture": "#bulb" },
				"east": { "uv": [ 8.25, 4.5, 8.75, 5 ], "texture": "#bulb" }
			}
		},
		{
			"__comment": "Element",
			"from": [ 7.25, 27.5, 8.25 ],
			"to": [ 7.75, 28, 8.75 ],
			"faces": {
				"north": { "uv": [ 8.25, 4, 8.75, 4.5 ], "texture": "#bulb" },
				"south": { "uv": [ 7.25, 4, 7.75, 4.5 ], "texture": "#bulb" },
				"west": { "uv": [ 8.25, 4, 8.75, 4.5 ], "texture": "#bulb" },
				"east": { "uv": [ 7.25, 4, 7.75, 4.5 ], "texture": "#bulb" }
			}
		},
		{
			"__comment": "Element",
			"from": [ 8.25, 27.5, 7.25 ],
			"to": [ 8.75, 28, 7.75 ],
			"faces": {
				"north": { "uv": [ 7.25, 4, 7.75, 4.5 ], "texture": "#bulb" },
				"south": { "uv": [ 8.25, 4, 8.75, 4.5 ], "texture": "#bulb" },
				"west": { "uv": [ 7.25, 4, 7.75, 4.5 ], "texture": "#bulb" },
				"east": { "uv": [ 8.25, 4, 8.75, 4.5 ], "texture": "#bulb" }
			}
		},
		{
			"__comment": "Element",
			"from": [ 7.25, 28, 7.25 ],
			"to": [ 8.75, 28.5, 8.75 ],
			"faces": {
				"down": { "uv": [ 7.25, 7.25, 8.75, 8.75 ], "texture": "#bulb" },
				"up": { "uv": [ 7.25, 7.25, 8.75, 8.75 ], "texture": "#bulb" },
				"north": { "uv": [ 7.25, 3.5, 8.75, 4 ], "texture": "#bulb" },
				"south": { "uv": [ 7.25, 3.5, 8.75, 4 ], "texture": "#bulb" },
				"west": { "uv": [ 7.25, 3.5, 8.75, 4 ], "texture": "#bulb" },
				"east": { "uv": [ 7.25, 3.5, 8.75, 4 ], "texture": "#bulb" }
			}
		},
		{
			"__comment": "Element",
			"from": [ 3.5, 28.5, 3.5 ],
			"to": [ 12.5, 28.75, 3.75 ],
			"faces": {
				"down": { "uv": [ 1.25, 11, 10.25, 11.25 ], "texture": "#extra" },
				"up": { "uv": [ 3.5, 3.5, 12.5, 3.75 ], "texture": "#extra" },
				"south": { "uv": [ 3.5, 3.25, 12.5, 3.5 ], "texture": "#extra" }
			}
		},
		{
			"__comment": "Element",
			"from": [ 3.5, 28.5, 12.25 ],
			"to": [ 12.5, 28.75, 12.5 ],
			"faces": {
				"down": { "uv": [ 4.25, 6.75, 13.25, 7 ], "texture": "#extra" },
				"up": { "uv": [ 3.5, 12.25, 12.5, 12.5 ], "texture": "#extra" },
				"north": { "uv": [ 3.5, 3.25, 12.5, 3.5 ], "texture": "#extra" }
			}
		},
		{
			"__comment": "Element",
			"from": [ 3.5, 28.5, 3.75 ],
			"to": [ 3.75, 28.75, 12.25 ],
			"faces": {
				"down": { "uv": [ 7.5, 4, 7.75, 12.5 ], "texture": "#extra" },
				"up": { "uv": [ 3.5, 3.75, 3.75, 12.25 ], "texture": "#extra" },
				"east": { "uv": [ 3.75, 3.25, 12.25, 3.5 ], "texture": "#extra" }
			}
		},
		{
			"__comment": "Element",
			"from": [ 12.25, 28.5, 3.75 ],
			"to": [ 12.5, 28.75, 12.25 ],
			"faces": {
				"down": { "uv": [ 8.25, 3.5, 8.5, 12 ], "texture": "#extra" },
				"up": { "uv": [ 12.25, 3.75, 12.5, 12.25 ], "texture": "#extra" },
				"west": { "uv": [ 3.75, 3.25, 12.25, 3.5 ], "texture": "#extra" }
			}
		},
		{
			"__comment": "Element",
			"from": [ 12.125, 28.499, 3.75 ],
			"to": [ 12.375, 28.749, 15.771 ],
			"rotation": { "origin": [ 12.25, 28.499, 3.75 ], "axis": "y", "angle": -45 },
			"faces": {
				"down": { "uv": [ 12.16161, 0.3173885, 12.41161, 12.33839 ], "texture": "#extra" },
				"up": { "uv": [ 12, 3, 12.25, 15.021 ], "texture": "#extra" },
				"west": { "uv": [ 2.25, 6.5, 14.271, 6.75 ], "texture": "#extra" },
				"east": { "uv": [ 2.25, 6.25, 14.271, 6.5 ], "texture": "#extra" }
			}
		},
		{
			"__comment": "Element",
			"from": [ 3, 24, 3 ],
			"to": [ 3.5, 30, 13 ],
			"faces": {
				"down": { "uv": [ 0.25, 3, 5.25, 3.25 ], "texture": "#stand", "rotation": 90 },
				"up": { "uv": [ 0.25, 0.25, 5.25, 0.5 ], "texture": "#stand", "rotation": 90 },
				"north": { "uv": [ 5, 0.25, 5.25, 3.25 ], "texture": "#stand" },
				"south": { "uv": [ 0.25, 0.25, 0.5, 3.25 ], "texture": "#stand" },
				"west": { "uv": [ 0.25, 0.25, 5.25, 3.25 ], "texture": "#stand" },
				"east": { "uv": [ 0.25, 0.25, 5.25, 3.25 ], "texture": "#stand" }
			}
		},
		{
			"__comment": "Element",
			"from": [ 3.5, 24, 3 ],
			"to": [ 12.5, 30, 3.5 ],
			"faces": {
				"down": { "uv": [ 0.5, 3, 5, 3.25 ], "texture": "#stand" },
				"up": { "uv": [ 0.5, 0.25, 5, 0.5 ], "texture": "#stand" },
				"north": { "uv": [ 0.5, 0.25, 5, 3.25 ], "texture": "#stand" },
				"south": { "uv": [ 0.5, 0.25, 5, 3.25 ], "texture": "#stand" }
			}
		},
		{
			"__comment": "Element",
			"from": [ 12.5, 24, 3 ],
			"to": [ 13, 30, 13 ],
			"faces": {
				"down": { "uv": [ 0.25, 3, 5.25, 3.25 ], "texture": "#stand", "rotation": 90 },
				"up": { "uv": [ 0.25, 0.25, 5.25, 0.5 ], "texture": "#stand", "rotation": 90 },
				"north": { "uv": [ 5, 0.25, 5.25, 3.25 ], "texture": "#stand" },
				"south": { "uv": [ 0.25, 0.25, 0.5, 3.25 ], "texture": "#stand" },
				"west": { "uv": [ 0.25, 0.25, 5.25, 3.25 ], "texture": "#stand" },
				"east": { "uv": [ 0.25, 0.25, 5.25, 3.25 ], "texture": "#stand" }
			}
		},
		{
			"__comment": "Element",
			"from": [ 3.5, 24, 12.5 ],
			"to": [ 12.5, 30, 13 ],
			"faces": {
				"down": { "uv": [ 0.5, 3, 5, 3.25 ], "texture": "#stand" },
				"up": { "uv": [ 0.5, 0.25, 5, 0.5 ], "texture": "#stand" },
				"north": { "uv": [ 0.5, 0.25, 5, 3.25 ], "texture": "#stand" },
				"south": { "uv": [ 0.5, 0.25, 5, 3.25 ], "texture": "#stand" }
			}
		},
		{
			"__comment": "Element",
			"from": [ 3.625, 28.498, 3.75 ],
			"to": [ 3.875, 28.748, 15.771 ],
			"rotation": { "origin": [ 3.75, 28.498, 3.75 ], "axis": "y", "angle": 45 },
			"faces": {
				"down": { "uv": [ 3.661612, 0.1406116, 3.911612, 12.16161 ], "texture": "#extra" },
				"up": { "uv": [ 3.5, 3, 3.75, 15.021 ], "texture": "#extra" },
				"west": { "uv": [ 1.75, 6.75, 13.771, 7 ], "texture": "#extra" },
				"east": { "uv": [ 2, 7, 14.021, 7.25 ], "texture": "#extra" }
			}
		}
	]
}