{
	"__comment": "Designed by IgnitingIce with Cubik Studio - https://cubik.studio",
	"ambientocclusion": false,
	"textures": {
		"ground": "block/nether_bricks",
		"particle": "blocks/nether_brick",
		"texture": "blocks/radio",
		"texture2": "blocks/radio2"
	},
	"elements": [ 	 
		{
			"__comment": "PlaneY2",
			"from": [ 0, 0, 0 ],
			"to": [ 16, 0.001, 16 ],
			"faces": {
				"down": { "uv": [ 0, 0, 16, 16 ], "texture": "#ground" },
				"up": { "uv": [ 0, 0, 16, 16 ], "texture": "#ground" }
			}
		},
		{
			"__comment": "Element",
			"from": [ 3.1563, 0.3125, 7.1563 ],
			"to": [ 12.8438, 5.9375, 8.7188 ],
			"faces": {
				"north": { "uv": [ 0.25, 6.5, 15.75, 15.5 ], "texture": "#texture2" },
				"south": { "uv": [ 0.25, 6.5, 15.75, 15.5 ], "texture": "#texture" }
			}
		},
		{
			"__comment": "Element",
			"from": [ 3, 0.1562, 7 ],
			"to": [ 3.15625, 6.0937, 8.875 ],
			"faces": {
				"down": { "uv": [ 0, 0.25, 0.25, 3.25 ], "texture": "#texture" },
				"up": { "uv": [ 0, 3.25, 0.25, 6.25 ], "texture": "#texture" },
				"north": { "uv": [ 15.75, 6.25, 16, 15.75 ], "texture": "#texture" },
				"south": { "uv": [ 0, 6.25, 0.25, 15.75 ], "texture": "#texture" },
				"west": { "uv": [ 16, 0, 6.5, 3 ], "texture": "#texture2", "rotation": 270 },
				"east": { "uv": [ 16, 0, 6.5, 3 ], "texture": "#texture2", "rotation": 270 }
			}
		},
		{
			"__comment": "Element",
			"from": [ 12.8438, 0.1562, 7 ],
			"to": [ 13.00005, 6.0937, 8.875 ],
			"faces": {
				"down": { "uv": [ 15.75, 0.25, 16, 3.25 ], "texture": "#texture" },
				"up": { "uv": [ 15.75, 3.25, 16, 6.25 ], "texture": "#texture" },
				"north": { "uv": [ 0, 6.25, 0.25, 15.75 ], "texture": "#texture" },
				"south": { "uv": [ 15.75, 6.25, 16, 15.75 ], "texture": "#texture" },
				"west": { "uv": [ 16, 0, 6.5, 3 ], "texture": "#texture2", "rotation": 270 },
				"east": { "uv": [ 16, 0, 6.5, 3 ], "texture": "#texture2", "rotation": 270 }
			}
		},
		{
			"__comment": "Element",
			"from": [ 3.1563, 0.1562, 7 ],
			"to": [ 12.8438, 0.31245, 8.875 ],
			"faces": {
				"down": { "uv": [ 0.25, 0.25, 15.75, 3.25 ], "texture": "#texture" },
				"up": { "uv": [ 0.25, 0.25, 15.75, 3.25 ], "texture": "#texture" },
				"north": { "uv": [ 0.25, 15.5, 15.75, 15.75 ], "texture": "#texture" },
				"south": { "uv": [ 0.25, 15.5, 15.75, 15.75 ], "texture": "#texture" }
			}
		},
		{
			"__comment": "Element",
			"from": [ 3.1563, 5.9375, 7 ],
			"to": [ 12.8438, 6.09375, 8.875 ],
			"faces": {
				"down": { "uv": [ 0.25, 3.25, 15.75, 6.25 ], "texture": "#texture" },
				"up": { "uv": [ 0.25, 3.25, 15.75, 6.25 ], "texture": "#texture" },
				"north": { "uv": [ 0.25, 6.25, 15.75, 6.5 ], "texture": "#texture" },
				"south": { "uv": [ 0.25, 6.25, 15.75, 6.5 ], "texture": "#texture" }
			}
		},
		{
			"__comment": "Element",
			"from": [ 3.3125, 6.0938, 7.4688 ],
			"to": [ 3.78125, 7.6563, 8.4063 ],
			"faces": {
				"up": { "uv": [ 0.5, 4.5, 1.25, 6 ], "texture": "#texture2" },
				"north": { "uv": [ 0.25, 4.5, 2.75, 5.25 ], "texture": "#texture2", "rotation": 270 },
				"south": { "uv": [ 0.25, 5.25, 2.75, 6 ], "texture": "#texture2", "rotation": 270 },
				"west": { "uv": [ 0.25, 4.5, 2.75, 6 ], "texture": "#texture2", "rotation": 270 },
				"east": { "uv": [ 0.25, 4.5, 2.75, 6 ], "texture": "#texture2", "rotation": 270 }
			}
		},
		{
			"__comment": "Element",
			"from": [ 12.2188, 6.0938, 7.4688 ],
			"to": [ 12.68755, 7.6563, 8.4063 ],
			"faces": {
				"up": { "uv": [ 14.75, 4.5, 15.5, 6 ], "texture": "#texture2" },
				"north": { "uv": [ 13.25, 4.5, 15.75, 5.25 ], "texture": "#texture2", "rotation": 270 },
				"south": { "uv": [ 13.25, 5.25, 15.75, 6 ], "texture": "#texture2", "rotation": 270 },
				"west": { "uv": [ 13.25, 4.5, 15.75, 6 ], "texture": "#texture2", "rotation": 270 },
				"east": { "uv": [ 13.25, 4.5, 15.75, 6 ], "texture": "#texture2", "rotation": 270 }
			}
		},
		{
			"__comment": "Element",
			"from": [ 3.7813, 7.3438, 7.4688 ],
			"to": [ 12.2188, 7.6563, 8.4063 ],
			"faces": {
				"down": { "uv": [ 1.25, 4.5, 14.75, 6 ], "texture": "#texture2" },
				"up": { "uv": [ 1.25, 4.5, 14.75, 6 ], "texture": "#texture2" },
				"north": { "uv": [ 1.25, 4.5, 14.75, 5 ], "texture": "#texture2" },
				"south": { "uv": [ 1.25, 5, 14.75, 5.5 ], "texture": "#texture2" }
			}
		},
		{
			"__comment": "Element",
			"from": [ 4.875, 6.0938, 7.7813 ],
			"to": [ 5.34375, 6.56255, 8.25005 ],
			"faces": {
				"up": { "uv": [ 0, 0, 0.75, 0.75 ], "texture": "#texture2" },
				"north": { "uv": [ 0, 0.75, 0.75, 1.5 ], "texture": "#texture2" },
				"south": { "uv": [ 0, 0.75, 0.75, 1.5 ], "texture": "#texture2" },
				"west": { "uv": [ 0.75, 0.75, 0, 1.5 ], "texture": "#texture2" },
				"east": { "uv": [ 0.75, 0.75, 0, 1.5 ], "texture": "#texture2" }
			}
		},
		{
			"__comment": "Element",
			"from": [ 9.875, 6.0938, 7.7813 ],
			"to": [ 10.34375, 6.56255, 8.25005 ],
			"faces": {
				"up": { "uv": [ 0, 0, 0.75, 0.75 ], "texture": "#texture2" },
				"north": { "uv": [ 0, 0.75, 0.75, 1.5 ], "texture": "#texture2" },
				"south": { "uv": [ 0, 0.75, 0.75, 1.5 ], "texture": "#texture2" },
				"west": { "uv": [ 0.75, 0.75, 0, 1.5 ], "texture": "#texture2" },
				"east": { "uv": [ 0.75, 0.75, 0, 1.5 ], "texture": "#texture2" }
			}
		},
		{
			"__comment": "Element",
			"from": [ 10.6563, 6.0938, 7.7813 ],
			"to": [ 11.12505, 6.56255, 8.25005 ],
			"faces": {
				"up": { "uv": [ 0, 0, 0.75, 0.75 ], "texture": "#texture2" },
				"north": { "uv": [ 0, 0.75, 0.75, 1.5 ], "texture": "#texture2" },
				"south": { "uv": [ 0, 0.75, 0.75, 1.5 ], "texture": "#texture2" },
				"west": { "uv": [ 0.75, 0.75, 0, 1.5 ], "texture": "#texture2" },
				"east": { "uv": [ 0.75, 0.75, 0, 1.5 ], "texture": "#texture2" }
			}
		},
		{
			"__comment": "Element",
			"from": [ 3.9375, 0, 7.1563 ],
			"to": [ 4.40625, 0.15625, 8.7188 ],
			"faces": {
				"down": { "uv": [ 1.25, 5.25, 3.5, 5.75 ], "texture": "#texture2" },
				"north": { "uv": [ 1, 5.25, 1.75, 5.5 ], "texture": "#texture2" },
				"south": { "uv": [ 1, 5.25, 1.75, 5.5 ], "texture": "#texture2" },
				"west": { "uv": [ 1.25, 5.25, 3.75, 5.5 ], "texture": "#texture2" },
				"east": { "uv": [ 1.25, 5.25, 3.75, 5.5 ], "texture": "#texture2" }
			}
		},
		{
			"__comment": "Element",
			"from": [ 11.5938, 0, 7.1563 ],
			"to": [ 12.06255, 0.15625, 8.7188 ],
			"faces": {
				"down": { "uv": [ 1.25, 5.25, 3.5, 5.75 ], "texture": "#texture2" },
				"north": { "uv": [ 1, 5.25, 1.75, 5.5 ], "texture": "#texture2" },
				"south": { "uv": [ 1, 5.25, 1.75, 5.5 ], "texture": "#texture2" },
				"west": { "uv": [ 1.25, 5.25, 3.75, 5.5 ], "texture": "#texture2" },
				"east": { "uv": [ 1.25, 5.25, 3.75, 5.5 ], "texture": "#texture2" }
			}
		},
		{
			"__comment": "Element",
			"from": [ 12.375, 5.4688, 7 ],
			"to": [ 12.6875, 5.7813, 7.15625 ],
			"faces": {
				"down": { "uv": [ 1.25, 4, 1.75, 4.25 ], "texture": "#texture2" },
				"up": { "uv": [ 1.25, 3.75, 1.75, 4 ], "texture": "#texture2" },
				"north": { "uv": [ 0.75, 3.75, 1.25, 4.25 ], "texture": "#texture2" },
				"west": { "uv": [ 0.5, 3.75, 0.75, 4.25 ], "texture": "#texture2" },
				"east": { "uv": [ 1.25, 3.75, 1.5, 4.25 ], "texture": "#texture2" }
			}
		},
		{
			"__comment": "Element",
			"from": [ 2.6094, 5.5469, 6.8438 ],
			"to": [ 12.6094, 5.70315, 7.00005 ],
			"rotation": { "origin": [ 12.5313, 5.625, 6.8438 ], "axis": "z", "angle": -22.5 },
			"faces": {
				"down": { "uv": [ 0, 3.75, 16, 4 ], "texture": "#texture2" },
				"up": { "uv": [ 0, 3.75, 16, 4 ], "texture": "#texture2" },
				"north": { "uv": [ 0, 3.75, 16, 4 ], "texture": "#texture2" },
				"south": { "uv": [ 0, 3.75, 16, 4 ], "texture": "#texture2" },
				"east": { "uv": [ 0, 3.75, 0.25, 4 ], "texture": "#texture2" }
			}
		},
		{
			"__comment": "Element",
			"from": [ 2.2969, 5.5078, 6.8047 ],
			"to": [ 2.6094, 5.742175, 7.039075 ],
			"rotation": { "origin": [ 12.5313, 5.625, 6.8438 ], "axis": "z", "angle": -22.5 },
			"faces": {
				"down": { "uv": [ 8.5, 3.75, 8.75, 4 ], "texture": "#texture2" },
				"up": { "uv": [ 8.5, 3.75, 8.75, 4 ], "texture": "#texture2" },
				"north": { "uv": [ 8.5, 3.75, 8.75, 4 ], "texture": "#texture2" },
				"south": { "uv": [ 8.5, 3.75, 8.75, 4 ], "texture": "#texture2" },
				"west": { "uv": [ 8.5, 3.75, 8.75, 4 ], "texture": "#texture2" },
				"east": { "uv": [ 8.5, 3.75, 8.75, 4 ], "texture": "#texture2" }
			}
		}
	]
}