{
	"__comment": "Designed by Ignitingice with BDcraft Cubik PRO 0.96 Beta - http://bdcraft.net",
	"ambientocclusion": false,
	"textures": {
		"ground": "block/nether_bricks",
		"particle": "blocks/hubcap"
	},
	"elements": [ 	 
		{
			"__comment": "PlaneY2",
			"from": [ 0, 0, 0 ],
			"to": [ 16, 0.001, 16 ],
			"faces": {
				"down": { "uv": [ 0, 0, 16, 16 ], "texture": "#ground" },
				"up": { "uv": [ 0, 0, 16, 16 ], "texture": "#ground" }
			}
		},
		{
			"__comment": "Element",
			"from": [ 3, 0, 5 ],
			"to": [ 13, 1, 11 ],
			"faces": {
				"up": { "uv": [ 3, 5, 13, 11 ], "texture": "#particle" },
				"north": { "uv": [ 3, 15, 13, 16 ], "texture": "#particle" },
				"south": { "uv": [ 3, 15, 13, 16 ], "texture": "#particle" },
				"west": { "uv": [ 5, 15, 11, 16 ], "texture": "#particle" },
				"east": { "uv": [ 5, 15, 11, 16 ], "texture": "#particle" }
			}
		},
		{
			"__comment": "Element",
			"from": [ 5, 0, 3 ],
			"to": [ 11, 1, 13 ],
			"faces": {
				"up": { "uv": [ 5, 3, 11, 13 ], "texture": "#particle" },
				"north": { "uv": [ 5, 15, 11, 16 ], "texture": "#particle" },
				"south": { "uv": [ 5, 15, 11, 16 ], "texture": "#particle" },
				"west": { "uv": [ 3, 15, 13, 16 ], "texture": "#particle" },
				"east": { "uv": [ 3, 15, 13, 16 ], "texture": "#particle" }
			}
		},
		{
			"__comment": "Element",
			"from": [ 4, 0, 4 ],
			"to": [ 12, 1, 12 ],
			"faces": {
				"up": { "uv": [ 4, 4, 12, 12 ], "texture": "#particle" },
				"north": { "uv": [ 4, 15, 12, 16 ], "texture": "#particle" },
				"south": { "uv": [ 4, 15, 12, 16 ], "texture": "#particle" },
				"west": { "uv": [ 4, 15, 12, 16 ], "texture": "#particle" },
				"east": { "uv": [ 4, 15, 12, 16 ], "texture": "#particle" }
			}
		},
		{
			"__comment": "Element",
			"from": [ 4, 1, 6.5 ],
			"to": [ 12, 1.5, 9.5 ],
			"faces": {
				"up": { "uv": [ 4, 6.5, 12, 9.5 ], "texture": "#particle" },
				"north": { "uv": [ 12, 6, 4, 6.5 ], "texture": "#particle" },
				"south": { "uv": [ 4, 9, 12, 9.5 ], "texture": "#particle" },
				"west": { "uv": [ 4, 9.5, 4.5, 6.5 ], "texture": "#particle", "rotation": 90 },
				"east": { "uv": [ 11.5, 6.5, 12, 9.5 ], "texture": "#particle", "rotation": 90 }
			}
		},
		{
			"__comment": "Element",
			"from": [ 6.5, 1, 4 ],
			"to": [ 9.5, 1.5, 12 ],
			"faces": {
				"up": { "uv": [ 6.5, 4, 9.5, 12 ], "texture": "#particle" },
				"north": { "uv": [ 9.5, 4, 6.5, 4.5 ], "texture": "#particle" },
				"south": { "uv": [ 6.5, 11.5, 9.5, 12 ], "texture": "#particle" },
				"west": { "uv": [ 6.5, 12, 7, 4 ], "texture": "#particle", "rotation": 90 },
				"east": { "uv": [ 9, 4, 9.5, 12 ], "texture": "#particle", "rotation": 90 }
			}
		},
		{
			"__comment": "Element",
			"from": [ 5, 1, 5 ],
			"to": [ 11, 1.5, 11 ],
			"faces": {
				"up": { "uv": [ 5, 5, 11, 11 ], "texture": "#particle" },
				"north": { "uv": [ 11, 5, 5, 5.5 ], "texture": "#particle" },
				"south": { "uv": [ 5, 10.5, 11, 11 ], "texture": "#particle" },
				"west": { "uv": [ 5, 11, 5.5, 5 ], "texture": "#particle", "rotation": 90 },
				"east": { "uv": [ 10.5, 5, 11, 11 ], "texture": "#particle", "rotation": 90 }
			}
		}
	]
}