{
	"__comment": "Designed by Ignitingice with BDcraft Cubik PRO 0.96 Beta - http://bdcraft.net",
	"ambientocclusion": false,
	"textures": {
		"ground": "block/nether_bricks",
		"DBlack": "blocks/wool_colored_dark_black",
		"LBlack": "blocks/wool_colored_black",
		"Gray": "blocks/wool_colored_gray"
	},
	"elements": [ 	 
		{
			"__comment": "PlaneY2",
			"from": [ 0, 0, 0 ],
			"to": [ 16, 0.001, 16 ],
			"faces": {
				"down": { "uv": [ 0, 0, 16, 16 ], "texture": "#ground" },
				"up": { "uv": [ 0, 0, 16, 16 ], "texture": "#ground" }
			}
		},
		{
			"__comment": "Element",
			"from": [ -10, 4, 6.5 ],
			"to": [ 26, 28, 8 ],
			"faces": {
				"down": { "uv": [ 14, 0.5, 2, 0 ], "texture": "#DBlack" },
				"up": { "uv": [ 2, 0, 14, 0.5 ], "texture": "#DBlack" },
				"north": { "uv": [ 2, 8, 14, 16 ], "texture": "#DBlack" },
				"south": { "uv": [ 2, 8, 14, 16 ], "texture": "#LBlack" },
				"west": { "uv": [ 0, 8, 0.5, 16 ], "texture": "#DBlack" },
				"east": { "uv": [ 15.5, 8, 16, 16 ], "texture": "#DBlack" }
			}
		},
		{
			"__comment": "Element",
			"from": [ -10, 27.25, 8 ],
			"to": [ 26, 28, 8.75 ],
			"faces": {
				"down": { "uv": [ 14, 0.75, 2, 0.5 ], "texture": "#DBlack" },
				"up": { "uv": [ 2, 0.5, 14, 0.75 ], "texture": "#DBlack" },
				"south": { "uv": [ 2, 8, 14, 8.25 ], "texture": "#DBlack" },
				"west": { "uv": [ 0.5, 8, 0.75, 8.25 ], "texture": "#DBlack" },
				"east": { "uv": [ 15.25, 8, 15.5, 8.25 ], "texture": "#DBlack" }
			}
		},
		{
			"__comment": "Element",
			"from": [ -10, 4, 8 ],
			"to": [ 26, 5.5, 8.75 ],
			"faces": {
				"down": { "uv": [ 14, 0.75, 2, 0.5 ], "texture": "#DBlack" },
				"up": { "uv": [ 2, 0.5, 14, 0.75 ], "texture": "#DBlack" },
				"south": { "uv": [ 2, 15.5, 14, 16 ], "texture": "#DBlack" },
				"west": { "uv": [ 0.5, 15.5, 0.75, 16 ], "texture": "#DBlack" },
				"east": { "uv": [ 15.25, 15.5, 15.5, 16 ], "texture": "#DBlack" }
			}
		},
		{
			"__comment": "Element",
			"from": [ -10, 5.5, 8 ],
			"to": [ -9.25, 27.25, 8.75 ],
			"faces": {
				"south": { "uv": [ 2, 8.25, 2.25, 15.5 ], "texture": "#DBlack" },
				"west": { "uv": [ 0.5, 8.25, 0.75, 15.5 ], "texture": "#DBlack" },
				"east": { "uv": [ 15.25, 8.25, 15.5, 15.5 ], "texture": "#DBlack" }
			}
		},
		{
			"__comment": "Element",
			"from": [ 25.25, 5.5, 8 ],
			"to": [ 26, 27.25, 8.75 ],
			"faces": {
				"south": { "uv": [ 13.75, 8.25, 14, 15.5 ], "texture": "#DBlack" },
				"west": { "uv": [ 0.5, 8.25, 0.75, 15.5 ], "texture": "#DBlack" },
				"east": { "uv": [ 15.25, 8.25, 15.5, 15.5 ], "texture": "#DBlack" }
			}
		},
		{
			"__comment": "Element",
			"from": [ 24.875, 4.375, 8.65 ],
			"to": [ 25.625, 5.125, 8.9 ],
			"faces": {
				"down": { "uv": [ 13.625, 8.25, 13.875, 8.25 ], "texture": "#Gray" },
				"up": { "uv": [ 13.625, 8.25, 13.875, 8.25 ], "texture": "#Gray" },
				"south": { "uv": [ 13.625, 15.625, 13.875, 15.875 ], "texture": "#Gray" },
				"west": { "uv": [ 8.25, 15.625, 8.25, 15.875 ], "texture": "#Gray" },
				"east": { "uv": [ 8.25, 15.625, 8.25, 15.875 ], "texture": "#Gray" }
			}
		},
		{
			"__comment": "Element",
			"from": [ 23.75, 4.525, 8.65 ],
			"to": [ 24.2, 4.975, 8.9 ],
			"faces": {
				"down": { "uv": [ 13.625, 8.25, 13.875, 8.25 ], "texture": "#Gray" },
				"up": { "uv": [ 13.625, 8.25, 13.875, 8.25 ], "texture": "#Gray" },
				"south": { "uv": [ 13.625, 15.625, 13.875, 15.875 ], "texture": "#Gray" },
				"west": { "uv": [ 8.25, 15.625, 8.25, 15.875 ], "texture": "#Gray" },
				"east": { "uv": [ 8.25, 15.625, 8.25, 15.875 ], "texture": "#Gray" }
			}
		},
		{
			"__comment": "Element",
			"from": [ 22.625, 4.525, 8.65 ],
			"to": [ 23.075, 4.975, 8.9 ],
			"faces": {
				"down": { "uv": [ 13.625, 8.25, 13.875, 8.25 ], "texture": "#Gray" },
				"up": { "uv": [ 13.625, 8.25, 13.875, 8.25 ], "texture": "#Gray" },
				"south": { "uv": [ 13.625, 15.625, 13.875, 15.875 ], "texture": "#Gray" },
				"west": { "uv": [ 8.25, 15.625, 8.25, 15.875 ], "texture": "#Gray" },
				"east": { "uv": [ 8.25, 15.625, 8.25, 15.875 ], "texture": "#Gray" }
			}
		},
		{
			"__comment": "Element",
			"from": [ 21.5, 4.525, 8.65 ],
			"to": [ 21.95, 4.975, 8.9 ],
			"faces": {
				"down": { "uv": [ 13.625, 8.25, 13.875, 8.25 ], "texture": "#Gray" },
				"up": { "uv": [ 13.625, 8.25, 13.875, 8.25 ], "texture": "#Gray" },
				"south": { "uv": [ 13.625, 15.625, 13.875, 15.875 ], "texture": "#Gray" },
				"west": { "uv": [ 8.25, 15.625, 8.25, 15.875 ], "texture": "#Gray" },
				"east": { "uv": [ 8.25, 15.625, 8.25, 15.875 ], "texture": "#Gray" }
			}
		},
		{
			"__comment": "Element",
			"from": [ 20.375, 4.525, 8.65 ],
			"to": [ 20.825, 4.975, 8.9 ],
			"faces": {
				"down": { "uv": [ 13.625, 8.25, 13.875, 8.25 ], "texture": "#Gray" },
				"up": { "uv": [ 13.625, 8.25, 13.875, 8.25 ], "texture": "#Gray" },
				"south": { "uv": [ 13.625, 15.625, 13.875, 15.875 ], "texture": "#Gray" },
				"west": { "uv": [ 8.25, 15.625, 8.25, 15.875 ], "texture": "#Gray" },
				"east": { "uv": [ 8.25, 15.625, 8.25, 15.875 ], "texture": "#Gray" }
			}
		},
		{
			"__comment": "Element",
			"from": [ 6, 1, 5 ],
			"to": [ 10, 13, 6.5 ],
			"faces": {
				"up": { "uv": [ 7.5, 7.25, 8.5, 7.625 ], "texture": "#DBlack" },
				"north": { "uv": [ 7.5, 12.75, 8.5, 15.75 ], "texture": "#DBlack" },
				"south": { "uv": [ 7.5, 12.75, 8.5, 15.75 ], "texture": "#DBlack" },
				"west": { "uv": [ 7.25, 12.75, 7.625, 15.75 ], "texture": "#DBlack" },
				"east": { "uv": [ 8.375, 12.75, 8.75, 15.75 ], "texture": "#DBlack" }
			}
		},
		{
			"__comment": "Element",
			"from": [ 0, 0, 1.75 ],
			"to": [ 16, 1, 9.75 ],
			"faces": {
				"down": { "uv": [ 10, 8.4375, 6, 6.4375 ], "texture": "#DBlack" },
				"up": { "uv": [ 6, 6.4375, 10, 8.4375 ], "texture": "#DBlack" },
				"north": { "uv": [ 6, 15.75, 10, 16 ], "texture": "#DBlack" },
				"south": { "uv": [ 6, 15.75, 10, 16 ], "texture": "#DBlack" },
				"west": { "uv": [ 6.4375, 15.75, 8.4375, 16 ], "texture": "#DBlack" },
				"east": { "uv": [ 7.5625, 15.75, 9.5625, 16 ], "texture": "#DBlack" }
			}
		}
	]
}