{
	"__comment": "Designed by Ignitingice with BDcraft Cubik PRO 0.96 Beta - http://bdcraft.net",
	"ambientocclusion": false,
	"textures": {
		"ground": "block/nether_bricks",
		"inner": "blocks/wool_colored_black",
		"treads": "blocks/tire",
		"tire_outer": "blocks/tire_outer"
	},
	"elements": [ 	 
		{
			"__comment": "PlaneY2",
			"from": [ 0, 0, 0 ],
			"to": [ 16, 0.001, 16 ],
			"faces": {
				"down": { "uv": [ 0, 0, 16, 16 ], "texture": "#ground" },
				"up": { "uv": [ 0, 0, 16, 16 ], "texture": "#ground" }
			}
		},
		{
			"__comment": "Element",
			"from": [ 5, 1, 0 ],
			"to": [ 11, 4.75, 2 ],
			"faces": {
				"down": { "uv": [ 11, 2, 5, 0 ], "texture": "#tire_outer", "cullface": "down" },
				"up": { "uv": [ 5, 0, 11, 2 ], "texture": "#tire_outer" },
				"north": { "uv": [ 4.75, 11, 1, 5 ], "texture": "#treads", "rotation": 90 },
				"south": { "uv": [ 5, 11.25, 11, 15 ], "texture": "#inner" },
				"west": { "uv": [ 1, 0, 4.75, 2 ], "texture": "#treads", "rotation": 270 },
				"east": { "uv": [ 1, 16, 4.75, 14 ], "texture": "#treads", "rotation": 90 }
			}
		},
		{
			"__comment": "Element",
			"from": [ 3, 1, 1 ],
			"to": [ 5, 4.75, 3 ],
			"faces": {
				"down": { "uv": [ 13, 3, 11, 1 ], "texture": "#tire_outer", "cullface": "down" },
				"up": { "uv": [ 3, 1, 5, 3 ], "texture": "#tire_outer" },
				"north": { "uv": [ 4.75, 3, 1, 1 ], "texture": "#treads", "rotation": 90 },
				"south": { "uv": [ 3, 11.25, 5, 15 ], "texture": "#inner" },
				"west": { "uv": [ 1, 1, 4.75, 3 ], "texture": "#treads", "rotation": 270 },
				"east": { "uv": [ 11.25, 1, 15, 3 ], "texture": "#inner", "rotation": 90 }
			}
		},
		{
			"__comment": "Element",
			"from": [ 1, 1, 3 ],
			"to": [ 3, 4.75, 5 ],
			"faces": {
				"down": { "uv": [ 15, 5, 13, 3 ], "texture": "#tire_outer", "cullface": "down" },
				"up": { "uv": [ 1, 3, 3, 5 ], "texture": "#tire_outer" },
				"north": { "uv": [ 4.75, 5, 1, 3 ], "texture": "#treads", "rotation": 90 },
				"south": { "uv": [ 1, 11.25, 3, 15 ], "texture": "#inner" },
				"west": { "uv": [ 1, 3, 4.75, 5 ], "texture": "#treads", "rotation": 270 },
				"east": { "uv": [ 11.25, 3, 15, 5 ], "texture": "#inner", "rotation": 90 }
			}
		},
		{
			"__comment": "Element",
			"from": [ 0, 1, 5 ],
			"to": [ 2, 4.75, 11 ],
			"faces": {
				"down": { "uv": [ 16, 11, 14, 5 ], "texture": "#tire_outer", "cullface": "down" },
				"up": { "uv": [ 0, 5, 2, 11 ], "texture": "#tire_outer" },
				"north": { "uv": [ 4.75, 2, 1, 0 ], "texture": "#treads", "rotation": 90 },
				"south": { "uv": [ 1, 2, 4.75, 0 ], "texture": "#treads", "rotation": 90 },
				"west": { "uv": [ 1, 5, 4.75, 11 ], "texture": "#treads", "rotation": 270 },
				"east": { "uv": [ 11.25, 5, 15, 11 ], "texture": "#inner", "rotation": 90 }
			}
		},
		{
			"__comment": "Element",
			"from": [ 1, 1, 11 ],
			"to": [ 3, 4.75, 13 ],
			"faces": {
				"down": { "uv": [ 15, 13, 13, 11 ], "texture": "#tire_outer", "cullface": "down" },
				"up": { "uv": [ 1, 11, 3, 13 ], "texture": "#tire_outer" },
				"north": { "uv": [ 3, 4.75, 1, 1 ], "texture": "#inner" },
				"south": { "uv": [ 1, 5, 4.75, 3 ], "texture": "#treads", "rotation": 90 },
				"west": { "uv": [ 1, 11, 4.75, 13 ], "texture": "#treads", "rotation": 270 },
				"east": { "uv": [ 11.25, 11, 15, 13 ], "texture": "#inner", "rotation": 90 }
			}
		},
		{
			"__comment": "Element",
			"from": [ 2, 1, 12 ],
			"to": [ 4, 4.75, 14 ],
			"faces": {
				"down": { "uv": [ 14, 14, 12, 12 ], "texture": "#tire_outer", "cullface": "down" },
				"up": { "uv": [ 2, 12, 4, 14 ], "texture": "#tire_outer" },
				"north": { "uv": [ 4, 4.75, 2, 1 ], "texture": "#inner" },
				"south": { "uv": [ 1, 4, 4.75, 2 ], "texture": "#treads", "rotation": 90 },
				"west": { "uv": [ 1, 12, 4.75, 14 ], "texture": "#treads", "rotation": 270 },
				"east": { "uv": [ 11.25, 12, 15, 14 ], "texture": "#inner", "rotation": 90 }
			}
		},
		{
			"__comment": "Element",
			"from": [ 3, 1, 13 ],
			"to": [ 5, 4.75, 15 ],
			"faces": {
				"down": { "uv": [ 13, 15, 11, 13 ], "texture": "#tire_outer", "cullface": "down" },
				"up": { "uv": [ 3, 13, 5, 15 ], "texture": "#tire_outer" },
				"north": { "uv": [ 5, 4.75, 3, 1 ], "texture": "#inner" },
				"south": { "uv": [ 1, 3, 4.75, 1 ], "texture": "#treads", "rotation": 90 },
				"west": { "uv": [ 1, 13, 4.75, 15 ], "texture": "#treads", "rotation": 270 },
				"east": { "uv": [ 11.25, 13, 15, 15 ], "texture": "#inner", "rotation": 90 }
			}
		},
		{
			"__comment": "Element",
			"from": [ 5, 1, 14 ],
			"to": [ 11, 4.75, 16 ],
			"faces": {
				"down": { "uv": [ 11, 16, 5, 14 ], "texture": "#tire_outer", "cullface": "down" },
				"up": { "uv": [ 5, 14, 11, 16 ], "texture": "#tire_outer" },
				"north": { "uv": [ 11, 4.75, 5, 1 ], "texture": "#inner" },
				"south": { "uv": [ 1, 11, 4.75, 5 ], "texture": "#treads", "rotation": 90 },
				"west": { "uv": [ 1, 14, 4.75, 16 ], "texture": "#treads", "rotation": 270 },
				"east": { "uv": [ 1, 0, 4.75, 2 ], "texture": "#treads", "rotation": 270 }
			}
		},
		{
			"__comment": "Element",
			"from": [ 11, 1, 1 ],
			"to": [ 13, 4.75, 3 ],
			"faces": {
				"down": { "uv": [ 5, 3, 3, 1 ], "texture": "#tire_outer", "cullface": "down" },
				"up": { "uv": [ 11, 1, 13, 3 ], "texture": "#tire_outer" },
				"north": { "uv": [ 4.75, 5, 1, 3 ], "texture": "#treads", "rotation": 90 },
				"south": { "uv": [ 11, 11.25, 13, 15 ], "texture": "#inner" },
				"west": { "uv": [ 1, 1, 4.75, 3 ], "texture": "#inner", "rotation": 270 },
				"east": { "uv": [ 1, 15, 4.75, 13 ], "texture": "#treads", "rotation": 90 }
			}
		},
		{
			"__comment": "Element",
			"from": [ 13, 1, 3 ],
			"to": [ 15, 4.75, 5 ],
			"faces": {
				"down": { "uv": [ 3, 5, 1, 3 ], "texture": "#tire_outer", "cullface": "down" },
				"up": { "uv": [ 13, 3, 15, 5 ], "texture": "#tire_outer" },
				"north": { "uv": [ 4.75, 3, 1, 1 ], "texture": "#treads", "rotation": 90 },
				"south": { "uv": [ 13, 11.25, 15, 15 ], "texture": "#inner" },
				"west": { "uv": [ 1, 3, 4.75, 5 ], "texture": "#inner", "rotation": 270 },
				"east": { "uv": [ 1, 13, 4.75, 11 ], "texture": "#treads", "rotation": 90 }
			}
		},
		{
			"__comment": "Element",
			"from": [ 14, 1, 5 ],
			"to": [ 16, 4.75, 11 ],
			"faces": {
				"down": { "uv": [ 2, 11, 0, 5 ], "texture": "#tire_outer", "cullface": "down" },
				"up": { "uv": [ 14, 5, 16, 11 ], "texture": "#tire_outer" },
				"north": { "uv": [ 4.75, 2, 1, 0 ], "texture": "#treads", "rotation": 90 },
				"south": { "uv": [ 1, 16, 4.75, 14 ], "texture": "#treads", "rotation": 90 },
				"west": { "uv": [ 1, 5, 4.75, 11 ], "texture": "#inner", "rotation": 270 },
				"east": { "uv": [ 1, 11, 4.75, 5 ], "texture": "#treads", "rotation": 90 }
			}
		},
		{
			"__comment": "Element",
			"from": [ 13, 1, 11 ],
			"to": [ 15, 4.75, 13 ],
			"faces": {
				"down": { "uv": [ 3, 13, 1, 11 ], "texture": "#tire_outer", "cullface": "down" },
				"up": { "uv": [ 13, 11, 15, 13 ], "texture": "#tire_outer" },
				"north": { "uv": [ 15, 4.75, 13, 1 ], "texture": "#inner" },
				"south": { "uv": [ 1, 15, 4.75, 13 ], "texture": "#treads", "rotation": 90 },
				"west": { "uv": [ 1, 11, 4.75, 13 ], "texture": "#inner", "rotation": 270 },
				"east": { "uv": [ 1, 3, 4.75, 5 ], "texture": "#treads", "rotation": 270 }
			}
		},
		{
			"__comment": "Element",
			"from": [ 11, 1, 13 ],
			"to": [ 13, 4.75, 15 ],
			"faces": {
				"down": { "uv": [ 5, 15, 3, 13 ], "texture": "#tire_outer", "cullface": "down" },
				"up": { "uv": [ 11, 13, 13, 15 ], "texture": "#tire_outer" },
				"north": { "uv": [ 13, 4.75, 11, 1 ], "texture": "#inner" },
				"south": { "uv": [ 1, 13, 4.75, 11 ], "texture": "#treads", "rotation": 90 },
				"west": { "uv": [ 1, 13, 4.75, 15 ], "texture": "#inner", "rotation": 270 },
				"east": { "uv": [ 1, 1, 4.75, 3 ], "texture": "#treads", "rotation": 270 }
			}
		},
		{
			"__comment": "Element",
			"from": [ 2, 1, 2 ],
			"to": [ 4, 4.75, 4 ],
			"faces": {
				"down": { "uv": [ 14, 4, 12, 2 ], "texture": "#tire_outer", "cullface": "down" },
				"up": { "uv": [ 2, 2, 4, 4 ], "texture": "#tire_outer" },
				"north": { "uv": [ 4.75, 4, 1, 2 ], "texture": "#treads", "rotation": 90 },
				"south": { "uv": [ 2, 11.25, 4, 15 ], "texture": "#inner" },
				"west": { "uv": [ 1, 2, 4.75, 4 ], "texture": "#treads", "rotation": 270 },
				"east": { "uv": [ 11.25, 2, 15, 4 ], "texture": "#inner", "rotation": 90 }
			}
		},
		{
			"__comment": "Element",
			"from": [ 12, 1, 2 ],
			"to": [ 14, 4.75, 4 ],
			"faces": {
				"down": { "uv": [ 4, 4, 2, 2 ], "texture": "#tire_outer", "cullface": "down" },
				"up": { "uv": [ 12, 2, 14, 4 ], "texture": "#tire_outer" },
				"north": { "uv": [ 4.75, 4, 1, 2 ], "texture": "#treads", "rotation": 90 },
				"south": { "uv": [ 12, 11.25, 14, 15 ], "texture": "#inner" },
				"west": { "uv": [ 1, 2, 4.75, 4 ], "texture": "#inner", "rotation": 270 },
				"east": { "uv": [ 1, 14, 4.75, 12 ], "texture": "#treads", "rotation": 90 }
			}
		},
		{
			"__comment": "Element",
			"from": [ 12, 1, 12 ],
			"to": [ 14, 4.75, 14 ],
			"faces": {
				"down": { "uv": [ 4, 14, 2, 12 ], "texture": "#tire_outer", "cullface": "down" },
				"up": { "uv": [ 12, 12, 14, 14 ], "texture": "#tire_outer" },
				"north": { "uv": [ 14, 4.75, 12, 1 ], "texture": "#inner" },
				"south": { "uv": [ 1, 14, 4.75, 12 ], "texture": "#treads", "rotation": 90 },
				"west": { "uv": [ 1, 12, 4.75, 14 ], "texture": "#inner", "rotation": 270 },
				"east": { "uv": [ 1, 2, 4.75, 4 ], "texture": "#treads", "rotation": 270 }
			}
		},
		{
			"__comment": "Element",
			"from": [ 2, 0, 3 ],
			"to": [ 4, 1, 5 ],
			"faces": {
				"down": { "uv": [ 14, 5, 12, 3 ], "texture": "#tire_outer", "cullface": "down" },
				"up": { "uv": [ 2, 3, 4, 5 ], "texture": "#inner" },
				"north": { "uv": [ 1, 4, 0, 2 ], "texture": "#treads", "rotation": 90 },
				"south": { "uv": [ 2, 15, 4, 16 ], "texture": "#tire_outer" },
				"west": { "uv": [ 0, 3, 1, 5 ], "texture": "#treads", "rotation": 270 },
				"east": { "uv": [ 15, 3, 16, 5 ], "texture": "#tire_outer", "rotation": 90 }
			}
		},
		{
			"__comment": "Element",
			"from": [ 5, 0, 1 ],
			"to": [ 11, 1, 3 ],
			"faces": {
				"down": { "uv": [ 11, 3, 5, 1 ], "texture": "#tire_outer", "cullface": "down" },
				"up": { "uv": [ 5, 1, 11, 3 ], "texture": "#inner" },
				"north": { "uv": [ 1, 11, 0, 5 ], "texture": "#treads", "rotation": 90 },
				"south": { "uv": [ 5, 15, 11, 16 ], "texture": "#tire_outer" },
				"west": { "uv": [ 0, 1, 1, 3 ], "texture": "#treads", "rotation": 270 },
				"east": { "uv": [ 0, 1, 1, 3 ], "texture": "#treads", "rotation": 270 }
			}
		},
		{
			"__comment": "Element",
			"from": [ 1, 0, 5 ],
			"to": [ 3, 1, 11 ],
			"faces": {
				"down": { "uv": [ 15, 11, 13, 5 ], "texture": "#tire_outer", "cullface": "down" },
				"up": { "uv": [ 1, 5, 3, 11 ], "texture": "#inner" },
				"north": { "uv": [ 1, 3, 0, 1 ], "texture": "#treads", "rotation": 90 },
				"south": { "uv": [ 0, 3, 1, 1 ], "texture": "#treads", "rotation": 90 },
				"west": { "uv": [ 0, 5, 1, 11 ], "texture": "#treads", "rotation": 270 },
				"east": { "uv": [ 15, 5, 16, 11 ], "texture": "#tire_outer", "rotation": 90 }
			}
		},
		{
			"__comment": "Element",
			"from": [ 2, 0, 11 ],
			"to": [ 4, 1, 13 ],
			"faces": {
				"down": { "uv": [ 14, 13, 12, 11 ], "texture": "#tire_outer", "cullface": "down" },
				"up": { "uv": [ 2, 11, 4, 13 ], "texture": "#inner" },
				"north": { "uv": [ 4, 1, 2, 0 ], "texture": "#tire_outer" },
				"south": { "uv": [ 0, 4, 1, 2 ], "texture": "#treads", "rotation": 90 },
				"west": { "uv": [ 0, 11, 1, 13 ], "texture": "#treads", "rotation": 270 },
				"east": { "uv": [ 15, 11, 16, 13 ], "texture": "#tire_outer", "rotation": 90 }
			}
		},
		{
			"__comment": "Element",
			"from": [ 5, 0, 13 ],
			"to": [ 11, 1, 15 ],
			"faces": {
				"down": { "uv": [ 11, 15, 5, 13 ], "texture": "#tire_outer", "cullface": "down" },
				"up": { "uv": [ 5, 13, 11, 15 ], "texture": "#inner" },
				"north": { "uv": [ 11, 1, 5, 0 ], "texture": "#tire_outer" },
				"south": { "uv": [ 0, 11, 1, 5 ], "texture": "#treads", "rotation": 90 },
				"west": { "uv": [ 0, 13, 1, 15 ], "texture": "#treads", "rotation": 270 },
				"east": { "uv": [ 0, 1, 1, 3 ], "texture": "#treads", "rotation": 270 }
			}
		},
		{
			"__comment": "Element",
			"from": [ 12, 0, 3 ],
			"to": [ 14, 1, 5 ],
			"faces": {
				"down": { "uv": [ 4, 5, 2, 3 ], "texture": "#tire_outer", "cullface": "down" },
				"up": { "uv": [ 12, 3, 14, 5 ], "texture": "#inner" },
				"north": { "uv": [ 1, 4, 0, 2 ], "texture": "#treads", "rotation": 90 },
				"south": { "uv": [ 12, 15, 14, 16 ], "texture": "#tire_outer" },
				"west": { "uv": [ 0, 3, 1, 5 ], "texture": "#tire_outer", "rotation": 270 },
				"east": { "uv": [ 0, 3, 1, 5 ], "texture": "#treads", "rotation": 270 }
			}
		},
		{
			"__comment": "Element",
			"from": [ 13, 0, 5 ],
			"to": [ 15, 1, 11 ],
			"faces": {
				"down": { "uv": [ 3, 11, 1, 5 ], "texture": "#tire_outer", "cullface": "down" },
				"up": { "uv": [ 13, 5, 15, 11 ], "texture": "#inner" },
				"north": { "uv": [ 1, 3, 0, 1 ], "texture": "#treads", "rotation": 90 },
				"south": { "uv": [ 0, 1, 1, 3 ], "texture": "#treads", "rotation": 270 },
				"west": { "uv": [ 0, 5, 1, 11 ], "texture": "#tire_outer", "rotation": 270 },
				"east": { "uv": [ 0, 5, 1, 11 ], "texture": "#treads", "rotation": 270 }
			}
		},
		{
			"__comment": "Element",
			"from": [ 12, 0, 11 ],
			"to": [ 14, 1, 13 ],
			"faces": {
				"down": { "uv": [ 4, 13, 2, 11 ], "texture": "#tire_outer", "cullface": "down" },
				"up": { "uv": [ 12, 11, 14, 13 ], "texture": "#inner" },
				"north": { "uv": [ 14, 1, 12, 0 ], "texture": "#tire_outer" },
				"south": { "uv": [ 0, 2, 1, 4 ], "texture": "#treads", "rotation": 270 },
				"west": { "uv": [ 0, 11, 1, 13 ], "texture": "#tire_outer", "rotation": 270 },
				"east": { "uv": [ 0, 3, 1, 5 ], "texture": "#treads", "rotation": 270 }
			}
		},
		{
			"__comment": "Element",
			"from": [ 11, 0, 2 ],
			"to": [ 13, 1, 4 ],
			"faces": {
				"down": { "uv": [ 5, 4, 3, 2 ], "texture": "#tire_outer", "cullface": "down" },
				"up": { "uv": [ 11, 2, 13, 4 ], "texture": "#inner" },
				"north": { "uv": [ 1, 5, 0, 3 ], "texture": "#treads", "rotation": 90 },
				"south": { "uv": [ 11, 15, 13, 16 ], "texture": "#tire_outer" },
				"west": { "uv": [ 0, 2, 1, 4 ], "texture": "#tire_outer", "rotation": 270 },
				"east": { "uv": [ 0, 2, 1, 4 ], "texture": "#treads", "rotation": 270 }
			}
		},
		{
			"__comment": "Element",
			"from": [ 11, 0, 12 ],
			"to": [ 13, 1, 14 ],
			"faces": {
				"down": { "uv": [ 5, 14, 3, 12 ], "texture": "#tire_outer", "cullface": "down" },
				"up": { "uv": [ 11, 12, 13, 14 ], "texture": "#inner" },
				"north": { "uv": [ 13, 1, 11, 0 ], "texture": "#tire_outer" },
				"south": { "uv": [ 0, 3, 1, 5 ], "texture": "#treads", "rotation": 270 },
				"west": { "uv": [ 0, 12, 1, 14 ], "texture": "#tire_outer", "rotation": 270 },
				"east": { "uv": [ 0, 2, 1, 4 ], "texture": "#treads", "rotation": 270 }
			}
		},
		{
			"__comment": "Element",
			"from": [ 3, 0, 12 ],
			"to": [ 5, 1, 14 ],
			"faces": {
				"down": { "uv": [ 13, 14, 11, 12 ], "texture": "#tire_outer", "cullface": "down" },
				"up": { "uv": [ 3, 12, 5, 14 ], "texture": "#inner" },
				"north": { "uv": [ 5, 1, 3, 0 ], "texture": "#tire_outer" },
				"south": { "uv": [ 0, 5, 1, 3 ], "texture": "#treads", "rotation": 90 },
				"west": { "uv": [ 0, 12, 1, 14 ], "texture": "#treads", "rotation": 270 },
				"east": { "uv": [ 15, 12, 16, 14 ], "texture": "#tire_outer", "rotation": 90 }
			}
		},
		{
			"__comment": "Element",
			"from": [ 3, 0, 2 ],
			"to": [ 5, 1, 4 ],
			"faces": {
				"down": { "uv": [ 13, 4, 11, 2 ], "texture": "#tire_outer", "cullface": "down" },
				"up": { "uv": [ 3, 2, 5, 4 ], "texture": "#inner" },
				"north": { "uv": [ 1, 5, 0, 3 ], "texture": "#treads", "rotation": 90 },
				"south": { "uv": [ 3, 15, 5, 16 ], "texture": "#tire_outer" },
				"west": { "uv": [ 0, 2, 1, 4 ], "texture": "#treads", "rotation": 270 },
				"east": { "uv": [ 15, 2, 16, 4 ], "texture": "#tire_outer", "rotation": 90 }
			}
		},
		{
			"__comment": "Element",
			"from": [ 12, 4.75, 3 ],
			"to": [ 14, 5.75, 5 ],
			"faces": {
				"down": { "uv": [ 4, 5, 2, 3 ], "texture": "#inner", "cullface": "down" },
				"up": { "uv": [ 12, 3, 14, 5 ], "texture": "#tire_outer" },
				"north": { "uv": [ 1, 4, 0, 2 ], "texture": "#treads", "rotation": 270 },
				"south": { "uv": [ 2, 15, 4, 16 ], "texture": "#tire_outer", "rotation": 180 },
				"west": { "uv": [ 15, 3, 16, 5 ], "texture": "#tire_outer", "rotation": 270 },
				"east": { "uv": [ 0, 3, 1, 5 ], "texture": "#treads", "rotation": 90 }
			}
		},
		{
			"__comment": "Element",
			"from": [ 5, 4.75, 1 ],
			"to": [ 11, 5.75, 3 ],
			"faces": {
				"down": { "uv": [ 11, 3, 5, 1 ], "texture": "#inner", "cullface": "down" },
				"up": { "uv": [ 5, 1, 11, 3 ], "texture": "#tire_outer" },
				"north": { "uv": [ 1, 11, 0, 5 ], "texture": "#treads", "rotation": 270 },
				"south": { "uv": [ 5, 15, 11, 16 ], "texture": "#tire_outer", "rotation": 180 },
				"west": { "uv": [ 0, 1, 1, 3 ], "texture": "#treads", "rotation": 90 },
				"east": { "uv": [ 0, 1, 1, 3 ], "texture": "#treads", "rotation": 90 }
			}
		},
		{
			"__comment": "Element",
			"from": [ 13, 4.75, 5 ],
			"to": [ 15, 5.75, 11 ],
			"faces": {
				"down": { "uv": [ 3, 11, 1, 5 ], "texture": "#inner", "cullface": "down" },
				"up": { "uv": [ 13, 5, 15, 11 ], "texture": "#tire_outer" },
				"north": { "uv": [ 1, 3, 0, 1 ], "texture": "#treads", "rotation": 270 },
				"south": { "uv": [ 0, 3, 1, 1 ], "texture": "#treads", "rotation": 270 },
				"west": { "uv": [ 15, 5, 16, 11 ], "texture": "#tire_outer", "rotation": 270 },
				"east": { "uv": [ 0, 5, 1, 11 ], "texture": "#treads", "rotation": 90 }
			}
		},
		{
			"__comment": "Element",
			"from": [ 12, 4.75, 11 ],
			"to": [ 14, 5.75, 13 ],
			"faces": {
				"down": { "uv": [ 4, 13, 2, 11 ], "texture": "#inner", "cullface": "down" },
				"up": { "uv": [ 12, 11, 14, 13 ], "texture": "#tire_outer" },
				"north": { "uv": [ 4, 1, 2, 0 ], "texture": "#tire_outer", "rotation": 180 },
				"south": { "uv": [ 0, 4, 1, 2 ], "texture": "#treads", "rotation": 270 },
				"west": { "uv": [ 15, 11, 16, 13 ], "texture": "#tire_outer", "rotation": 270 },
				"east": { "uv": [ 0, 11, 1, 13 ], "texture": "#treads", "rotation": 90 }
			}
		},
		{
			"__comment": "Element",
			"from": [ 5, 4.75, 13 ],
			"to": [ 11, 5.75, 15 ],
			"faces": {
				"down": { "uv": [ 11, 15, 5, 13 ], "texture": "#inner", "cullface": "down" },
				"up": { "uv": [ 5, 13, 11, 15 ], "texture": "#tire_outer" },
				"north": { "uv": [ 11, 1, 5, 0 ], "texture": "#tire_outer", "rotation": 180 },
				"south": { "uv": [ 0, 11, 1, 5 ], "texture": "#treads", "rotation": 270 },
				"west": { "uv": [ 0, 1, 1, 3 ], "texture": "#treads", "rotation": 90 },
				"east": { "uv": [ 0, 13, 1, 15 ], "texture": "#treads", "rotation": 90 }
			}
		},
		{
			"__comment": "Element",
			"from": [ 11, 4.75, 12 ],
			"to": [ 13, 5.75, 14 ],
			"faces": {
				"down": { "uv": [ 5, 14, 3, 12 ], "texture": "#inner", "cullface": "down" },
				"up": { "uv": [ 11, 12, 13, 14 ], "texture": "#tire_outer" },
				"north": { "uv": [ 5, 1, 3, 0 ], "texture": "#tire_outer", "rotation": 180 },
				"south": { "uv": [ 0, 5, 1, 3 ], "texture": "#treads", "rotation": 270 },
				"west": { "uv": [ 15, 12, 16, 14 ], "texture": "#tire_outer", "rotation": 270 },
				"east": { "uv": [ 0, 12, 1, 14 ], "texture": "#treads", "rotation": 90 }
			}
		},
		{
			"__comment": "Element",
			"from": [ 11, 4.75, 2 ],
			"to": [ 13, 5.75, 4 ],
			"faces": {
				"down": { "uv": [ 5, 4, 3, 2 ], "texture": "#inner", "cullface": "down" },
				"up": { "uv": [ 11, 2, 13, 4 ], "texture": "#tire_outer" },
				"north": { "uv": [ 1, 5, 0, 3 ], "texture": "#treads", "rotation": 270 },
				"south": { "uv": [ 3, 15, 5, 16 ], "texture": "#tire_outer", "rotation": 180 },
				"west": { "uv": [ 15, 2, 16, 4 ], "texture": "#tire_outer", "rotation": 270 },
				"east": { "uv": [ 0, 2, 1, 4 ], "texture": "#treads", "rotation": 90 }
			}
		},
		{
			"__comment": "Element",
			"from": [ 3, 4.75, 2 ],
			"to": [ 5, 5.75, 4 ],
			"faces": {
				"down": { "uv": [ 13, 4, 11, 2 ], "texture": "#inner", "cullface": "down" },
				"up": { "uv": [ 3, 2, 5, 4 ], "texture": "#tire_outer" },
				"north": { "uv": [ 1, 5, 0, 3 ], "texture": "#treads", "rotation": 270 },
				"south": { "uv": [ 11, 15, 13, 16 ], "texture": "#tire_outer", "rotation": 180 },
				"west": { "uv": [ 0, 2, 1, 4 ], "texture": "#treads", "rotation": 90 },
				"east": { "uv": [ 0, 2, 1, 4 ], "texture": "#tire_outer", "rotation": 90 }
			}
		},
		{
			"__comment": "Element",
			"from": [ 3, 4.75, 12 ],
			"to": [ 5, 5.75, 14 ],
			"faces": {
				"down": { "uv": [ 13, 14, 11, 12 ], "texture": "#inner", "cullface": "down" },
				"up": { "uv": [ 3, 12, 5, 14 ], "texture": "#tire_outer" },
				"north": { "uv": [ 13, 1, 11, 0 ], "texture": "#tire_outer", "rotation": 180 },
				"south": { "uv": [ 0, 3, 1, 5 ], "texture": "#treads", "rotation": 90 },
				"west": { "uv": [ 0, 2, 1, 4 ], "texture": "#treads", "rotation": 90 },
				"east": { "uv": [ 0, 12, 1, 14 ], "texture": "#tire_outer", "rotation": 90 }
			}
		},
		{
			"__comment": "Element",
			"from": [ 2, 4.75, 3 ],
			"to": [ 4, 5.75, 5 ],
			"faces": {
				"down": { "uv": [ 14, 5, 12, 3 ], "texture": "#inner", "cullface": "down" },
				"up": { "uv": [ 2, 3, 4, 5 ], "texture": "#tire_outer" },
				"north": { "uv": [ 1, 4, 0, 2 ], "texture": "#treads", "rotation": 270 },
				"south": { "uv": [ 12, 15, 14, 16 ], "texture": "#tire_outer", "rotation": 180 },
				"west": { "uv": [ 0, 3, 1, 5 ], "texture": "#treads", "rotation": 90 },
				"east": { "uv": [ 0, 3, 1, 5 ], "texture": "#tire_outer", "rotation": 90 }
			}
		},
		{
			"__comment": "Element",
			"from": [ 2, 4.75, 11 ],
			"to": [ 4, 5.75, 13 ],
			"faces": {
				"down": { "uv": [ 14, 13, 12, 11 ], "texture": "#inner", "cullface": "down" },
				"up": { "uv": [ 2, 11, 4, 13 ], "texture": "#tire_outer" },
				"north": { "uv": [ 14, 1, 12, 0 ], "texture": "#tire_outer", "rotation": 180 },
				"south": { "uv": [ 0, 2, 1, 4 ], "texture": "#treads", "rotation": 90 },
				"west": { "uv": [ 0, 3, 1, 5 ], "texture": "#treads", "rotation": 90 },
				"east": { "uv": [ 0, 11, 1, 13 ], "texture": "#tire_outer", "rotation": 90 }
			}
		},
		{
			"__comment": "Element",
			"from": [ 1, 4.75, 5 ],
			"to": [ 3, 5.75, 11 ],
			"faces": {
				"down": { "uv": [ 15, 11, 13, 5 ], "texture": "#inner", "cullface": "down" },
				"up": { "uv": [ 1, 5, 3, 11 ], "texture": "#tire_outer" },
				"north": { "uv": [ 1, 3, 0, 1 ], "texture": "#treads", "rotation": 270 },
				"south": { "uv": [ 0, 1, 1, 3 ], "texture": "#treads", "rotation": 90 },
				"west": { "uv": [ 0, 5, 1, 11 ], "texture": "#treads", "rotation": 90 },
				"east": { "uv": [ 0, 5, 1, 11 ], "texture": "#tire_outer", "rotation": 90 }
			}
		}
	]
}