{
	"__comment": "Designed by Ignitingice with BDcraft Cubik PRO 0.96 Beta - http://bdcraft.net",
	"ambientocclusion": false,
	"textures": {
		"ground": "block/nether_bricks",
		"black": "blocks/wool_colored_dark_black",
		"gray": "blocks/wool_colored_black",
		"other": "blocks/pc"
	},
	"elements": [ 	 
		{
			"__comment": "PlaneY2",
			"from": [ 0, 0, 0 ],
			"to": [ 16, 0.001, 16 ],
			"faces": {
				"down": { "uv": [ 0, 0, 16, 16 ], "texture": "#ground" },
				"up": { "uv": [ 0, 0, 16, 16 ], "texture": "#ground" }
			}
		},
		{
			"__comment": "Element",
			"from": [ -0.09999999, 1.8, 6.075 ],
			"to": [ 16.1, 12.6, 6.75 ],
			"faces": {
				"down": { "uv": [ 0, 9.25, 16, 9.925 ], "texture": "#black" },
				"up": { "uv": [ 0, 6.075, 16, 6.75 ], "texture": "#black" },
				"north": { "uv": [ 0, 3.4, 16, 14.2 ], "texture": "#black" },
				"south": { "uv": [ 0, 3.4, 16, 14.2 ], "texture": "#gray" },
				"west": { "uv": [ 6.075, 3.4, 6.75, 14.2 ], "texture": "#black" },
				"east": { "uv": [ 9.25, 3.4, 9.925, 14.2 ], "texture": "#black" }
			}
		},
		{
			"__comment": "Element",
			"from": [ -0.09999999, 12.2625, 6.75 ],
			"to": [ 16.1, 12.6, 7.0875 ],
			"faces": {
				"down": { "uv": [ 0, 8.9125, 16, 9.25 ], "texture": "#black" },
				"up": { "uv": [ 0, 6.75, 16, 7.0875 ], "texture": "#black" },
				"south": { "uv": [ 0, 3.4, 16, 3.7375 ], "texture": "#black" },
				"west": { "uv": [ 6.75, 3.4, 7.0875, 3.7375 ], "texture": "#black" },
				"east": { "uv": [ 8.9125, 3.4, 9.25, 3.7375 ], "texture": "#black" }
			}
		},
		{
			"__comment": "Element",
			"from": [ -0.09999999, 1.8, 6.75 ],
			"to": [ 16.1, 2.475, 7.0875 ],
			"faces": {
				"down": { "uv": [ 0, 8.9125, 16, 9.25 ], "texture": "#black" },
				"up": { "uv": [ 0, 6.75, 16, 7.0875 ], "texture": "#black" },
				"south": { "uv": [ 0, 0, 16, 0.6750002 ], "texture": "#other" },
				"west": { "uv": [ 6.75, 13.525, 7.0875, 14.2 ], "texture": "#black" },
				"east": { "uv": [ 8.9125, 13.525, 9.25, 14.2 ], "texture": "#black" }
			}
		},
		{
			"__comment": "Element",
			"from": [ -0.09999999, 2.475, 6.75 ],
			"to": [ 0.2375, 12.2625, 7.0875 ],
			"faces": {
				"south": { "uv": [ 0, 3.737499, 0.2375, 13.525 ], "texture": "#black" },
				"west": { "uv": [ 6.75, 3.737499, 7.0875, 13.525 ], "texture": "#black" },
				"east": { "uv": [ 8.9125, 3.737499, 9.25, 13.525 ], "texture": "#black" }
			}
		},
		{
			"__comment": "Element",
			"from": [ 15.7625, 2.475, 6.75 ],
			"to": [ 16.1, 12.2625, 7.0875 ],
			"faces": {
				"south": { "uv": [ 15.7625, 3.737499, 16, 13.525 ], "texture": "#black" },
				"west": { "uv": [ 6.75, 3.737499, 7.0875, 13.525 ], "texture": "#black" },
				"east": { "uv": [ 8.9125, 3.737499, 9.25, 13.525 ], "texture": "#black" }
			}
		},
		{
			"__comment": "Element",
			"from": [ 15.55, 1.925, 7.0438 ],
			"to": [ 15.8875, 2.2625, 7.1563 ],
			"faces": {
				"down": { "uv": [ 15.5, 0.25, 15.75, 0.5 ], "texture": "#other" },
				"up": { "uv": [ 15.5, 0.25, 15.75, 0.5 ], "texture": "#other" },
				"south": { "uv": [ 15.5, 0.25, 15.75, 0.5 ], "texture": "#other" },
				"west": { "uv": [ 15.5, 0.25, 15.75, 0.5 ], "texture": "#other" },
				"east": { "uv": [ 15.5, 0.25, 15.75, 0.5 ], "texture": "#other" }
			}
		},
		{
			"__comment": "Element",
			"from": [ 7.1, 0.45, 5.4 ],
			"to": [ 8.9, 5.85, 6.075 ],
			"faces": {
				"up": { "uv": [ 7.1, 5.4, 8.9, 6.075 ], "texture": "#black" },
				"north": { "uv": [ 7.1, 10.15, 8.9, 15.55 ], "texture": "#black" },
				"south": { "uv": [ 7.1, 10.15, 8.9, 15.55 ], "texture": "#black" },
				"west": { "uv": [ 5.4, 10.15, 6.075, 15.55 ], "texture": "#black" },
				"east": { "uv": [ 9.925, 10.15, 10.6, 15.55 ], "texture": "#black" }
			}
		},
		{
			"__comment": "Element",
			"from": [ 4.4, 0, 3.9375 ],
			"to": [ 11.6, 0.45, 7.5375 ],
			"faces": {
				"down": { "uv": [ 4.4, 8.4625, 11.6, 12.0625 ], "texture": "#black" },
				"up": { "uv": [ 4.4, 3.9375, 11.6, 7.5375 ], "texture": "#black" },
				"north": { "uv": [ 4.4, 15.55, 11.6, 16 ], "texture": "#black" },
				"south": { "uv": [ 4.4, 15.55, 11.6, 16 ], "texture": "#black" },
				"west": { "uv": [ 3.9375, 15.55, 7.5375, 16 ], "texture": "#black" },
				"east": { "uv": [ 8.4625, 15.55, 12.0625, 16 ], "texture": "#black" }
			}
		},
		{
			"__comment": "Element",
			"from": [ 3, 0, 11 ],
			"to": [ 13, 0.25, 15 ],
			"faces": {
				"down": { "uv": [ 3, 1, 13, 5 ], "texture": "#black" },
				"up": { "uv": [ 0, 9.5, 16, 16 ], "texture": "#other" },
				"north": { "uv": [ 3, 15.75, 13, 16 ], "texture": "#black" },
				"south": { "uv": [ 3, 15.75, 13, 16 ], "texture": "#black" },
				"west": { "uv": [ 11, 15.75, 15, 16 ], "texture": "#black" },
				"east": { "uv": [ 1, 15.75, 5, 16 ], "texture": "#black" }
			}
		}
	]
}