{
	"__comment": "Designed by Ignitingice with BDcraft Cubik PRO 0.96 Beta - http://bdcraft.net",
	"ambientocclusion": false,
	"textures": {
		"ground": "block/nether_bricks",
		"stand": "blocks/planks_oak",
		"bulb": "blocks/light_gray_wool",
		"shade": "blocks/mushroom_block_skin_brown",
		"extra": "blocks/iron_block"
	},
	"elements": [ 	 
		{
			"__comment": "PlaneY2",
			"from": [ 0, 0, 0 ],
			"to": [ 16, 0.001, 16 ],
			"faces": {
				"down": { "uv": [ 0, 0, 16, 16 ], "texture": "#ground" },
				"up": { "uv": [ 0, 0, 16, 16 ], "texture": "#ground" }
			}
		},
		{
			"__comment": "Element",
			"from": [ 5, 0, 5 ],
			"to": [ 11, 1, 11 ],
			"faces": {
				"down": { "uv": [ 5, 5, 11, 11 ], "texture": "#stand" },
				"up": { "uv": [ 5, 5, 11, 11 ], "texture": "#stand" },
				"north": { "uv": [ 5, 15, 11, 16 ], "texture": "#stand" },
				"south": { "uv": [ 5, 15, 11, 16 ], "texture": "#stand" },
				"west": { "uv": [ 5, 15, 11, 16 ], "texture": "#stand" },
				"east": { "uv": [ 5, 15, 11, 16 ], "texture": "#stand" }
			}
		},
		{
			"__comment": "Element",
			"from": [ 6.5, 1, 6.5 ],
			"to": [ 9.5, 2, 9.5 ],
			"faces": {
				"up": { "uv": [ 6.5, 6.5, 9.5, 9.5 ], "texture": "#stand" },
				"north": { "uv": [ 6.5, 14, 9.5, 15 ], "texture": "#stand" },
				"south": { "uv": [ 6.5, 14, 9.5, 15 ], "texture": "#stand" },
				"west": { "uv": [ 6.5, 14, 9.5, 15 ], "texture": "#stand" },
				"east": { "uv": [ 6.5, 14, 9.5, 15 ], "texture": "#stand" }
			}
		},
		{
			"__comment": "Element",
			"from": [ 7, 2, 7 ],
			"to": [ 9, 11.25, 9 ],
			"faces": {
				"up": { "uv": [ 7, 7, 9, 9 ], "texture": "#stand" },
				"north": { "uv": [ 7, 4.75, 9, 14 ], "texture": "#stand" },
				"south": { "uv": [ 7, 4.75, 9, 14 ], "texture": "#stand" },
				"west": { "uv": [ 7, 4.75, 9, 14 ], "texture": "#stand" },
				"east": { "uv": [ 7, 4.75, 9, 14 ], "texture": "#stand" }
			}
		},
		{
			"__comment": "Element",
			"from": [ 4, 6.5, 4 ],
			"to": [ 4.5, 14.5, 12 ],
			"faces": {
				"down": { "uv": [ 4, 4, 4.5, 12 ], "texture": "#shade" },
				"up": { "uv": [ 4, 4, 4.5, 12 ], "texture": "#shade" },
				"north": { "uv": [ 11.5, 1.5, 12, 9.5 ], "texture": "#shade" },
				"south": { "uv": [ 4, 1.5, 4.5, 9.5 ], "texture": "#shade" },
				"west": { "uv": [ 4, 1.5, 12, 9.5 ], "texture": "#shade" },
				"east": { "uv": [ 4, 1.5, 12, 9.5 ], "texture": "#shade" }
			}
		},
		{
			"__comment": "Element",
			"from": [ 11.5, 6.5, 4 ],
			"to": [ 12, 14.5, 12 ],
			"faces": {
				"down": { "uv": [ 11.5, 4, 12, 12 ], "texture": "#shade" },
				"up": { "uv": [ 11.5, 4, 12, 12 ], "texture": "#shade" },
				"north": { "uv": [ 4, 1.5, 4.5, 9.5 ], "texture": "#shade" },
				"south": { "uv": [ 11.5, 1.5, 12, 9.5 ], "texture": "#shade" },
				"west": { "uv": [ 4, 1.5, 12, 9.5 ], "texture": "#shade" },
				"east": { "uv": [ 4, 1.5, 12, 9.5 ], "texture": "#shade" }
			}
		},
		{
			"__comment": "Element",
			"from": [ 4.5, 6.5, 4 ],
			"to": [ 11.5, 14.5, 4.5 ],
			"faces": {
				"down": { "uv": [ 4.5, 11.5, 11.5, 12 ], "texture": "#shade" },
				"up": { "uv": [ 4.5, 4, 11.5, 4.5 ], "texture": "#shade" },
				"north": { "uv": [ 4.5, 1.5, 11.5, 9.5 ], "texture": "#shade" },
				"south": { "uv": [ 4.5, 1.5, 11.5, 9.5 ], "texture": "#shade" }
			}
		},
		{
			"__comment": "Element",
			"from": [ 4.5, 6.5, 11.5 ],
			"to": [ 11.5, 14.5, 12 ],
			"faces": {
				"down": { "uv": [ 4.5, 4, 11.5, 4.5 ], "texture": "#shade" },
				"up": { "uv": [ 4.5, 11.5, 11.5, 12 ], "texture": "#shade" },
				"north": { "uv": [ 4.5, 1.5, 11.5, 9.5 ], "texture": "#shade" },
				"south": { "uv": [ 4.5, 1.5, 11.5, 9.5 ], "texture": "#shade" }
			}
		},
		{
			"__comment": "Element",
			"from": [ 7.15, 11.25, 7.15 ],
			"to": [ 8.85, 11.75, 8.85 ],
			"faces": {
				"up": { "uv": [ 7.15, 7.15, 8.85, 8.85 ], "texture": "#extra" },
				"north": { "uv": [ 7.15, 4.25, 8.85, 4.75 ], "texture": "#extra" },
				"south": { "uv": [ 7.15, 4.25, 8.85, 4.75 ], "texture": "#extra" },
				"west": { "uv": [ 7.15, 4.25, 8.85, 4.75 ], "texture": "#extra" },
				"east": { "uv": [ 7.15, 4.25, 8.85, 4.75 ], "texture": "#extra" }
			}
		},
		{
			"__comment": "Element",
			"from": [ 7.25, 11.75, 7.25 ],
			"to": [ 7.75, 12.75, 7.75 ],
			"faces": {
				"up": { "uv": [ 7.25, 7.25, 7.75, 7.75 ], "texture": "#bulb" },
				"north": { "uv": [ 8.25, 3.25, 8.75, 4.25 ], "texture": "#bulb" },
				"south": { "uv": [ 7.25, 3.25, 7.75, 4.25 ], "texture": "#bulb" },
				"west": { "uv": [ 7.25, 3.25, 7.75, 4.25 ], "texture": "#bulb" },
				"east": { "uv": [ 8.25, 3.25, 8.75, 4.25 ], "texture": "#bulb" }
			}
		},
		{
			"__comment": "Element",
			"from": [ 8.25, 11.75, 8.25 ],
			"to": [ 8.75, 12.75, 8.75 ],
			"faces": {
				"up": { "uv": [ 8.25, 8.25, 8.75, 8.75 ], "texture": "#bulb" },
				"north": { "uv": [ 7.25, 3.25, 7.75, 4.25 ], "texture": "#bulb" },
				"south": { "uv": [ 8.25, 3.25, 8.75, 4.25 ], "texture": "#bulb" },
				"west": { "uv": [ 8.25, 3.25, 8.75, 4.25 ], "texture": "#bulb" },
				"east": { "uv": [ 7.25, 3.25, 7.75, 4.25 ], "texture": "#bulb" }
			}
		},
		{
			"__comment": "Element",
			"from": [ 7.25, 12.25, 8.25 ],
			"to": [ 8.25, 12.75, 8.75 ],
			"faces": {
				"down": { "uv": [ 7.25, 7.25, 8.25, 7.75 ], "texture": "#bulb" },
				"up": { "uv": [ 7.25, 8.25, 8.25, 8.75 ], "texture": "#bulb" },
				"north": { "uv": [ 7.75, 3.25, 8.75, 3.75 ], "texture": "#bulb" },
				"south": { "uv": [ 7.25, 3.25, 8.25, 3.75 ], "texture": "#bulb" },
				"west": { "uv": [ 8.25, 3.25, 8.75, 3.75 ], "texture": "#bulb" }
			}
		},
		{
			"__comment": "Element",
			"from": [ 7.75, 12.25, 7.25 ],
			"to": [ 8.75, 12.75, 7.75 ],
			"faces": {
				"down": { "uv": [ 7.75, 8.25, 8.75, 8.75 ], "texture": "#bulb" },
				"up": { "uv": [ 7.75, 7.25, 8.75, 7.75 ], "texture": "#bulb" },
				"north": { "uv": [ 7.25, 3.25, 8.25, 3.75 ], "texture": "#bulb" },
				"south": { "uv": [ 7.75, 3.25, 8.75, 3.75 ], "texture": "#bulb" },
				"east": { "uv": [ 8.25, 3.25, 8.75, 3.75 ], "texture": "#bulb" }
			}
		},
		{
			"__comment": "Element",
			"from": [ 7.25, 12.75, 8.25 ],
			"to": [ 7.75, 13.25, 8.75 ],
			"faces": {
				"north": { "uv": [ 8.25, 2.75, 8.75, 3.25 ], "texture": "#bulb" },
				"south": { "uv": [ 7.25, 2.75, 7.75, 3.25 ], "texture": "#bulb" },
				"west": { "uv": [ 8.25, 2.75, 8.75, 3.25 ], "texture": "#bulb" },
				"east": { "uv": [ 7.25, 2.75, 7.75, 3.25 ], "texture": "#bulb" }
			}
		},
		{
			"__comment": "Element",
			"from": [ 8.25, 12.75, 7.25 ],
			"to": [ 8.75, 13.25, 7.75 ],
			"faces": {
				"north": { "uv": [ 7.25, 2.75, 7.75, 3.25 ], "texture": "#bulb" },
				"south": { "uv": [ 8.25, 2.75, 8.75, 3.25 ], "texture": "#bulb" },
				"west": { "uv": [ 7.25, 2.75, 7.75, 3.25 ], "texture": "#bulb" },
				"east": { "uv": [ 8.25, 2.75, 8.75, 3.25 ], "texture": "#bulb" }
			}
		},
		{
			"__comment": "Element",
			"from": [ 7.25, 13.25, 7.25 ],
			"to": [ 8.75, 13.75, 8.75 ],
			"faces": {
				"down": { "uv": [ 7.25, 7.25, 8.75, 8.75 ], "texture": "#bulb" },
				"up": { "uv": [ 7.25, 7.25, 8.75, 8.75 ], "texture": "#bulb" },
				"north": { "uv": [ 7.25, 2.25, 8.75, 2.75 ], "texture": "#bulb" },
				"south": { "uv": [ 7.25, 2.25, 8.75, 2.75 ], "texture": "#bulb" },
				"west": { "uv": [ 7.25, 2.25, 8.75, 2.75 ], "texture": "#bulb" },
				"east": { "uv": [ 7.25, 2.25, 8.75, 2.75 ], "texture": "#bulb" }
			}
		},
		{
			"__comment": "Element",
			"from": [ 4.5, 13.75, 4.5 ],
			"to": [ 11.5, 14, 4.75 ],
			"faces": {
				"down": { "uv": [ 4.5, 11.25, 11.5, 11.5 ], "texture": "#extra" },
				"up": { "uv": [ 4.5, 4.5, 11.5, 4.75 ], "texture": "#extra" },
				"south": { "uv": [ 4.5, 2, 11.5, 2.25 ], "texture": "#extra" }
			}
		},
		{
			"__comment": "Element",
			"from": [ 4.5, 13.75, 11.25 ],
			"to": [ 11.5, 14, 11.5 ],
			"faces": {
				"down": { "uv": [ 4.5, 4.5, 11.5, 4.75 ], "texture": "#extra" },
				"up": { "uv": [ 4.5, 11.25, 11.5, 11.5 ], "texture": "#extra" },
				"north": { "uv": [ 4.5, 2, 11.5, 2.25 ], "texture": "#extra" }
			}
		},
		{
			"__comment": "Element",
			"from": [ 4.5, 13.75, 4.75 ],
			"to": [ 4.75, 14, 11.25 ],
			"faces": {
				"down": { "uv": [ 4.5, 4.75, 4.75, 11.25 ], "texture": "#extra" },
				"up": { "uv": [ 4.5, 4.75, 4.75, 11.25 ], "texture": "#extra" },
				"east": { "uv": [ 4.75, 2, 11.25, 2.25 ], "texture": "#extra" }
			}
		},
		{
			"__comment": "Element",
			"from": [ 11.25, 13.75, 4.75 ],
			"to": [ 11.5, 14, 11.25 ],
			"faces": {
				"down": { "uv": [ 11.25, 4.75, 11.5, 11.25 ], "texture": "#extra" },
				"up": { "uv": [ 11.25, 4.75, 11.5, 11.25 ], "texture": "#extra" },
				"west": { "uv": [ 4.75, 2, 11.25, 2.25 ], "texture": "#extra" }
			}
		},
		{
			"__comment": "Element",
			"from": [ 11.25, 13.749, 4.55 ],
			"to": [ 11.5, 13.999, 13.9 ],
			"rotation": { "origin": [ 11.25, 13.749, 4.55 ], "axis": "y", "angle": -45 },
			"faces": {
				"down": { "uv": [ 11.25, 2.1, 11.5, 11.45 ], "texture": "#extra" },
				"up": { "uv": [ 11.25, 4.55, 11.5, 13.9 ], "texture": "#extra" },
				"west": { "uv": [ 4.55, 2.000999, 13.9, 2.250999 ], "texture": "#extra" },
				"east": { "uv": [ 2.1, 2.000999, 11.45, 2.250999 ], "texture": "#extra" }
			}
		},
		{
			"__comment": "Element",
			"from": [ 4.6, 13.748, 4.75 ],
			"to": [ 4.85, 13.998, 14.1 ],
			"rotation": { "origin": [ 4.6, 13.748, 4.75 ], "axis": "y", "angle": 45 },
			"faces": {
				"down": { "uv": [ 4.6, 1.9, 4.85, 11.25 ], "texture": "#extra" },
				"up": { "uv": [ 4.6, 4.75, 4.85, 14.1 ], "texture": "#extra" },
				"west": { "uv": [ 4.75, 2.002, 14.1, 2.252 ], "texture": "#extra" },
				"east": { "uv": [ 1.9, 2.002, 11.25, 2.252 ], "texture": "#extra" }
			}
		}
	]
}