{
	"__comment": "Designed by IgnitingIce with Cubik Studio - https://cubik.studio",
	"ambientocclusion": false,
	"textures": {
		"ground": "block/nether_bricks",
		"particle": "blocks/wool_colored_light_black_darker",
		"top": "blocks/pc",
		"side": "blocks/pc1",
		"frontback": "blocks/pc2"
	},
	"elements": [ 	 
		{
			"__comment": "PlaneY2",
			"from": [ 0, 0, 0 ],
			"to": [ 16, 0.001, 16 ],
			"faces": {
				"down": { "uv": [ 0, 0, 16, 16 ], "texture": "#ground" },
				"up": { "uv": [ 0, 0, 16, 16 ], "texture": "#ground" }
			}
		},
		{
			"__comment": "Element",
			"from": [ 5, 0, 1 ],
			"to": [ 11, 13, 15 ],
			"faces": {
				"down": { "uv": [ 0, 2.25, 14, 8.25 ], "texture": "#top", "cullface": "down", "rotation": 90 },
				"up": { "uv": [ 0, 2.25, 14, 8.25 ], "texture": "#top", "rotation": 90 },
				"north": { "uv": [ 10, 3, 16, 16 ], "texture": "#frontback" },
				"south": { "uv": [ 0, 3, 6, 16 ], "texture": "#frontback" },
				"west": { "uv": [ 0, 3, 14, 16 ], "texture": "#side" },
				"east": { "uv": [ 14, 3, 0, 16 ], "texture": "#side" }
			}
		}
	]
}