{
	"__comment": "Designed by IgnitingIce with Cubik Studio - https://cubik.studio",
	"textures": {
		"particle": "blocks/smoke",
		"texture": "blocks/smoke"
	},
	"elements": [ 	 
		{
			"__comment": "1",
			"from": [ -8, -8.5, 7.95 ],
			"to": [ 24, 13.5, 8.05 ],
            "rotation": { "origin": [ 8, 8, 8 ], "axis": "y", "angle": -45 },
			"faces": {
				"north": { "uv": [ 0, 0, 16, 16 ], "texture": "#texture" },
				"south": { "uv": [ 0, 0, 16, 16 ], "texture": "#texture" }
			}
		},
		{
			"__comment": "2",
			"from": [ 7.95, -8.5, -8 ],
			"to": [ 8.05, 13.5, 24 ],
            "rotation": { "origin": [ 8, 8, 8 ], "axis": "y", "angle": -45 },
			"faces": {
				"west": { "uv": [ 0, 0, 16, 16 ], "texture": "#texture" },
				"east": { "uv": [ 0, 0, 16, 16 ], "texture": "#texture" }
			}
		}
	]
}