{"__comment":"Designed by Corporalblober with Cubik Studio - https://cubik.studio","textures":{"particle":"loot_crates/duffle_bag_grey","texture":"loot_crates/camo","texture1":"loot_crates/camo_strap","mesh_atlas":"loot_crates/camo_strap2"},"elements":[{"from":[-2.5,0.35,3.8],"to":[18.5,10.5,13.6],"faces":{"down":{"uv":[0.5,4,15.5,11],"texture":"#texture"},"up":{"uv":[0.5,5,15.5,12],"texture":"#texture"},"north":{"uv":[0.5,8.5,15.5,15.75],"texture":"#texture"},"south":{"uv":[0.5,8.5,15.5,15.75],"texture":"#texture"},"west":{"uv":[5,8.5,12,15.75],"texture":"#texture"},"east":{"uv":[4,8.5,11,15.75],"texture":"#texture"}}},{"from":[-2.15,0,3.45],"to":[18.15,10.15,13.95],"faces":{"down":{"uv":[0.75,3.75,15.25,11.25],"texture":"#texture"},"up":{"uv":[0.75,4.75,15.25,12.25],"texture":"#texture"},"north":{"uv":[0.75,8.75,15.25,16],"texture":"#texture"},"south":{"uv":[0.75,8.75,15.25,16],"texture":"#texture"},"west":{"uv":[4.75,8.75,12.25,16],"texture":"#texture"},"east":{"uv":[3.75,8.75,11.25,16],"texture":"#texture"}}},{"from":[-2.85,1.05,4.5],"to":[18.85,9.45,12.9],"faces":{"down":{"uv":[0.25,4.5,15.75,10.5],"texture":"#texture"},"up":{"uv":[0.25,5.5,15.75,11.5],"texture":"#texture"},"north":{"uv":[0.25,9.25,15.75,15.25],"texture":"#texture"},"south":{"uv":[0.25,9.25,15.75,15.25],"texture":"#texture"},"west":{"uv":[5.5,9.25,11.5,15.25],"texture":"#texture"},"east":{"uv":[4.5,9.25,10.5,15.25],"texture":"#texture"}}},{"from":[-3.2,2.8,6.25],"to":[19.2,7.7,11.15],"faces":{"down":{"uv":[0,5.75,16,9.25],"texture":"#texture"},"up":{"uv":[0,6.75,16,10.25],"texture":"#texture"},"north":{"uv":[0,10.5,16,14],"texture":"#texture"},"south":{"uv":[0,10.5,16,14],"texture":"#texture"},"west":{"uv":[6.75,10.5,10.25,14],"texture":"#texture"},"east":{"uv":[5.75,10.5,9.25,14],"texture":"#texture"}}},{"from":[-0.75,1.05,3.1],"to":[16.75,9.1,14.3],"faces":{"down":{"uv":[1.75,3.5,14.25,11.5],"texture":"#texture"},"up":{"uv":[1.75,4.5,14.25,12.5],"texture":"#texture"},"north":{"uv":[1.75,9.5,14.25,15.25],"texture":"#texture"},"south":{"uv":[1.75,9.5,14.25,15.25],"texture":"#texture"},"west":{"uv":[4.5,9.5,12.5,15.25],"texture":"#texture"},"east":{"uv":[3.5,9.5,11.5,15.25],"texture":"#texture"}}},{"from":[-1.1,10.5,4.85],"to":[17.1,10.85,12.55],"faces":{"up":{"uv":[1.5,5.75,14.5,11.25],"texture":"#texture"},"north":{"uv":[1.5,8.25,14.5,8.5],"texture":"#texture"},"south":{"uv":[1.5,8.25,14.5,8.5],"texture":"#texture"},"west":{"uv":[5.75,8.25,11.25,8.5],"texture":"#texture"},"east":{"uv":[4.75,8.25,10.25,8.5],"texture":"#texture"}}},{"from":[1.7,10.85,6.6],"to":[14.3,11.2,10.8],"faces":{"up":{"uv":[3.5,7,12.5,10],"texture":"#texture"},"north":{"uv":[3.5,8,12.5,8.25],"texture":"#texture"},"south":{"uv":[3.5,8,12.5,8.25],"texture":"#texture"},"west":{"uv":[7,8,10,8.25],"texture":"#texture"},"east":{"uv":[6,8,9,8.25],"texture":"#texture"}}},{"from":[2.4,2.8,2.75],"to":[13.6,7.35,14.65],"faces":{"down":{"uv":[0,7.5,8,16],"texture":"#texture"},"up":{"uv":[0,7.5,8,16],"texture":"#texture"},"north":{"uv":[0,0,8,3.25],"texture":"#texture"},"south":{"uv":[0,0,8,3.25],"texture":"#texture"},"west":{"uv":[0,12.75,8.5,16],"texture":"#texture"},"east":{"uv":[7.5,12.75,16,16],"texture":"#texture"}}},{"from":[3.1,11.9,7.3],"to":[12.2,12.95,10.1],"faces":{"down":{"uv":[0,0,6.5,2],"texture":"#texture1"},"up":{"uv":[0,0,6.5,2],"texture":"#texture1"},"north":{"uv":[0,0,6.5,0.75],"texture":"#texture1"},"south":{"uv":[0,0,6.5,0.75],"texture":"#texture1"},"west":{"uv":[0,0,2,0.75],"texture":"#texture1"},"east":{"uv":[0,0,2,0.75],"texture":"#texture1"}}},{"from":[2.4,11.55,6.6],"to":[3.8,12.25,8],"faces":{"down":{"uv":[4,8,5,9],"texture":"#texture1"},"up":{"uv":[4,7,5,8],"texture":"#texture1"},"north":{"uv":[11,7.25,12,7.75],"texture":"#texture1"},"south":{"uv":[4,7.25,5,7.75],"texture":"#texture1"},"west":{"uv":[7,7.25,8,7.75],"texture":"#texture1"},"east":{"uv":[8,7.25,9,7.75],"texture":"#texture1"}}},{"from":[1.7,11.2,6.25],"to":[3.1,11.9,7.65],"faces":{"down":{"uv":[4,6,5,7],"texture":"#texture1"},"up":{"uv":[4,9,5,10],"texture":"#texture1"},"north":{"uv":[11,7.25,12,7.75],"texture":"#texture1"},"south":{"uv":[4,7.25,5,7.75],"texture":"#texture1"},"west":{"uv":[9,7.25,10,7.75],"texture":"#texture1"},"east":{"uv":[6,7.25,7,7.75],"texture":"#texture1"}}},{"from":[12.9,10.85,5.9],"to":[14.3,11.55,7.3],"faces":{"up":{"uv":[4,9,5,10],"texture":"#texture1"},"north":{"uv":[11,7.25,12,7.75],"texture":"#texture1"},"south":{"uv":[4,7.25,5,7.75],"texture":"#texture1"},"west":{"uv":[9,7.25,10,7.75],"texture":"#texture1"},"east":{"uv":[6,7.25,7,7.75],"texture":"#texture1"}}},{"from":[0.3,10.5,5.9],"to":[1.7,11.2,7.3],"faces":{"up":{"uv":[4,9,5,10],"texture":"#texture1"},"north":{"uv":[11,7.25,12,7.75],"texture":"#texture1"},"south":{"uv":[4,7.25,5,7.75],"texture":"#texture1"},"west":{"uv":[9,7.25,10,7.75],"texture":"#texture1"},"east":{"uv":[6,7.25,7,7.75],"texture":"#texture1"}}},{"from":[11.5,11.55,6.6],"to":[12.9,12.25,8],"faces":{"down":{"uv":[10.5,8,11.5,9],"texture":"#texture1"},"up":{"uv":[10.5,7,11.5,8],"texture":"#texture1"},"north":{"uv":[4.5,7.25,5.5,7.75],"texture":"#texture1"},"south":{"uv":[10.5,7.25,11.5,7.75],"texture":"#texture1"},"west":{"uv":[7,7.25,8,7.75],"texture":"#texture1"},"east":{"uv":[8,7.25,9,7.75],"texture":"#texture1"}}},{"from":[12.2,11.2,6.25],"to":[13.6,11.9,7.65],"faces":{"down":{"uv":[4,6,5,7],"texture":"#texture1"},"up":{"uv":[4,9,5,10],"texture":"#texture1"},"north":{"uv":[11,7.25,12,7.75],"texture":"#texture1"},"south":{"uv":[4,7.25,5,7.75],"texture":"#texture1"},"west":{"uv":[9,7.25,10,7.75],"texture":"#texture1"},"east":{"uv":[6,7.25,7,7.75],"texture":"#texture1"}}},{"from":[1,10.85,10.1],"to":[2.4,11.55,11.5],"faces":{"up":{"uv":[4,9,5,10],"texture":"#texture1"},"north":{"uv":[11,7.25,12,7.75],"texture":"#texture1"},"south":{"uv":[4,7.25,5,7.75],"texture":"#texture1"},"west":{"uv":[9,7.25,10,7.75],"texture":"#texture1"},"east":{"uv":[6,7.25,7,7.75],"texture":"#texture1"}}},{"from":[0.3,10.5,10.1],"to":[1.7,11.2,11.5],"faces":{"up":{"uv":[4,9,5,10],"texture":"#texture1"},"north":{"uv":[11,7.25,12,7.75],"texture":"#texture1"},"south":{"uv":[4,7.25,5,7.75],"texture":"#texture1"},"west":{"uv":[9,7.25,10,7.75],"texture":"#texture1"},"east":{"uv":[6,7.25,7,7.75],"texture":"#texture1"}}},{"from":[2.4,11.55,9.4],"to":[3.8,12.25,10.8],"faces":{"down":{"uv":[4,6,5,7],"texture":"#texture1"},"up":{"uv":[4,9,5,10],"texture":"#texture1"},"north":{"uv":[11,7.25,12,7.75],"texture":"#texture1"},"south":{"uv":[4,7.25,5,7.75],"texture":"#texture1"},"west":{"uv":[9,7.25,10,7.75],"texture":"#texture1"},"east":{"uv":[6,7.25,7,7.75],"texture":"#texture1"}}},{"from":[1.7,11.2,9.75],"to":[3.1,11.9,11.15],"faces":{"down":{"uv":[4,6,5,7],"texture":"#texture1"},"up":{"uv":[4,9,5,10],"texture":"#texture1"},"north":{"uv":[11,7.25,12,7.75],"texture":"#texture1"},"south":{"uv":[4,7.25,5,7.75],"texture":"#texture1"},"west":{"uv":[9,7.25,10,7.75],"texture":"#texture1"},"east":{"uv":[6,7.25,7,7.75],"texture":"#texture1"}}},{"from":[1,10.85,5.9],"to":[2.4,11.55,7.3],"faces":{"up":{"uv":[4,9,5,10],"texture":"#texture1"},"north":{"uv":[11,7.25,12,7.75],"texture":"#texture1"},"south":{"uv":[4,7.25,5,7.75],"texture":"#texture1"},"west":{"uv":[9,7.25,10,7.75],"texture":"#texture1"},"east":{"uv":[6,7.25,7,7.75],"texture":"#texture1"}}},{"from":[13.6,10.5,10.1],"to":[15,11.2,11.5],"faces":{"up":{"uv":[4,9,5,10],"texture":"#texture1"},"north":{"uv":[11,7.25,12,7.75],"texture":"#texture1"},"south":{"uv":[4,7.25,5,7.75],"texture":"#texture1"},"west":{"uv":[9,7.25,10,7.75],"texture":"#texture1"},"east":{"uv":[6,7.25,7,7.75],"texture":"#texture1"}}},{"from":[11.5,11.55,9.4],"to":[12.9,12.25,10.8],"faces":{"down":{"uv":[10.5,6,11.5,7],"texture":"#texture1"},"up":{"uv":[10.5,9,11.5,10],"texture":"#texture1"},"north":{"uv":[4.5,7.25,5.5,7.75],"texture":"#texture1"},"south":{"uv":[10.5,7.25,11.5,7.75],"texture":"#texture1"},"west":{"uv":[9,7.25,10,7.75],"texture":"#texture1"},"east":{"uv":[6,7.25,7,7.75],"texture":"#texture1"}}},{"from":[12.2,11.2,9.75],"to":[13.6,11.9,11.15],"faces":{"down":{"uv":[4,6,5,7],"texture":"#texture1"},"up":{"uv":[4,9,5,10],"texture":"#texture1"},"north":{"uv":[11,7.25,12,7.75],"texture":"#texture1"},"south":{"uv":[4,7.25,5,7.75],"texture":"#texture1"},"west":{"uv":[9,7.25,10,7.75],"texture":"#texture1"},"east":{"uv":[6,7.25,7,7.75],"texture":"#texture1"}}},{"from":[12.9,10.85,10.1],"to":[14.3,11.55,11.5],"faces":{"up":{"uv":[4,9,5,10],"texture":"#texture1"},"north":{"uv":[11,7.25,12,7.75],"texture":"#texture1"},"south":{"uv":[4,7.25,5,7.75],"texture":"#texture1"},"west":{"uv":[9,7.25,10,7.75],"texture":"#texture1"},"east":{"uv":[6,7.25,7,7.75],"texture":"#texture1"}}},{"from":[13.6,10.5,5.9],"to":[15,11.2,7.3],"faces":{"up":{"uv":[4,9,5,10],"texture":"#texture1"},"north":{"uv":[11,7.25,12,7.75],"texture":"#texture1"},"south":{"uv":[4,7.25,5,7.75],"texture":"#texture1"},"west":{"uv":[9,7.25,10,7.75],"texture":"#texture1"},"east":{"uv":[6,7.25,7,7.75],"texture":"#texture1"}}},{"from":[-3.55,2.8,8],"to":[-3.2,7.7,9.4],"faces":{"down":{"uv":[15.75,15,16,16],"texture":"#mesh_atlas"},"up":{"uv":[4.25,9.5,4.5,8.5],"texture":"#mesh_atlas"},"north":{"uv":[2.25,0.75,2,4.25],"texture":"#mesh_atlas"},"south":{"uv":[2.25,0.75,2.5,4.25],"texture":"#mesh_atlas"},"west":{"uv":[0,10.5,1,14],"texture":"#mesh_atlas"}}},{"from":[-3.2,1.05,8],"to":[-2.85,2.8,9.4],"faces":{"down":{"uv":[4.25,7.5,4.5,8.5],"texture":"#mesh_atlas"},"north":{"uv":[3.25,0.75,3,2],"texture":"#mesh_atlas"},"south":{"uv":[4,5.75,4.25,7],"texture":"#mesh_atlas"},"west":{"uv":[1,8.25,2,9.5],"texture":"#mesh_atlas"}}},{"from":[-3.2,7.7,8],"to":[-2.85,9.45,9.4],"faces":{"up":{"uv":[4.25,3.5,4.5,2.5],"texture":"#mesh_atlas"},"north":{"uv":[4.25,7,4,8.25],"texture":"#mesh_atlas"},"south":{"uv":[3.75,0.75,4,2],"texture":"#mesh_atlas"},"west":{"uv":[1,2,2,3.25],"texture":"#mesh_atlas"}}},{"from":[-2.85,0.35,8],"to":[-2.5,1.05,9.4],"faces":{"down":{"uv":[4.25,1.5,4.5,2.5],"texture":"#mesh_atlas"},"north":{"uv":[4.75,0.5,4.5,1],"texture":"#mesh_atlas"},"south":{"uv":[4,0,4.25,0.5],"texture":"#mesh_atlas"},"west":{"uv":[3,4,4,4.5],"texture":"#mesh_atlas"}}},{"from":[-2.85,9.45,8],"to":[-2.5,10.5,9.4],"faces":{"up":{"uv":[4.5,6.5,4.75,5.5],"texture":"#mesh_atlas"},"north":{"uv":[3.75,0,3.5,0.75],"texture":"#mesh_atlas"},"south":{"uv":[3.75,0,4,0.75],"texture":"#mesh_atlas"},"west":{"uv":[3,8.75,4,9.5],"texture":"#mesh_atlas"}}},{"from":[-2.5,0,8],"to":[-2.15,0.35,9.4],"faces":{"down":{"uv":[15.25,15,15.5,16],"texture":"#mesh_atlas"},"north":{"uv":[15.75,11.75,15.5,12],"texture":"#mesh_atlas"},"south":{"uv":[15.25,11.75,15.5,12],"texture":"#mesh_atlas"},"west":{"uv":[14,13.75,15,14],"texture":"#mesh_atlas"}}},{"from":[-2.5,7,3.45],"to":[-2.15,7.7,3.8],"faces":{"down":{"uv":[15.75,12.5,16,12.75],"texture":"#mesh_atlas"},"up":{"uv":[13,11.25,13.25,11],"texture":"#mesh_atlas"},"north":{"uv":[4.75,2,4.5,2.5],"texture":"#mesh_atlas"},"west":{"uv":[4.5,4,4.75,4.5],"texture":"#mesh_atlas"}}},{"from":[-2.5,7,13.6],"to":[-2.15,7.7,13.95],"faces":{"down":{"uv":[14,11,14.25,11.25],"texture":"#mesh_atlas"},"up":{"uv":[12.75,11.25,13,11],"texture":"#mesh_atlas"},"south":{"uv":[4.5,0,4.75,0.5],"texture":"#mesh_atlas"},"west":{"uv":[5,8.5,5.25,9],"texture":"#mesh_atlas"}}},{"from":[-2.5,10.5,8],"to":[-1.1,10.85,9.4],"faces":{"up":{"uv":[2,7.25,3,6.25],"texture":"#mesh_atlas"},"north":{"uv":[15,13.5,14,13.75],"texture":"#mesh_atlas"},"south":{"uv":[15,13.5,16,13.75],"texture":"#mesh_atlas"},"west":{"uv":[11.25,11.75,12.25,12],"texture":"#mesh_atlas"}}},{"from":[-2.15,7,3.1],"to":[-0.7499998,7.7,3.45],"faces":{"down":{"uv":[13.25,11.75,14.25,12],"texture":"#mesh_atlas"},"up":{"uv":[14.25,12,15.25,11.75],"texture":"#mesh_atlas"},"north":{"uv":[4,5,3,5.5],"texture":"#mesh_atlas"},"west":{"uv":[4.5,1.5,4.75,2],"texture":"#mesh_atlas"}}},{"from":[-2.15,7,13.95],"to":[-0.7499998,7.7,14.3],"faces":{"down":{"uv":[11.25,11.5,12.25,11.75],"texture":"#mesh_atlas"},"up":{"uv":[12.25,11.75,13.25,11.5],"texture":"#mesh_atlas"},"south":{"uv":[3,6.5,4,7],"texture":"#mesh_atlas"},"west":{"uv":[4.75,6,5,6.5],"texture":"#mesh_atlas"}}},{"from":[1.7,11.2,8],"to":[14.3,11.55,9.4],"faces":{"up":{"uv":[0,16,13,15],"texture":"#mesh_atlas"},"north":{"uv":[14,13.5,1,13.75],"texture":"#mesh_atlas"},"south":{"uv":[1,13.75,14,14],"texture":"#mesh_atlas"},"west":{"uv":[14.25,11.5,15.25,11.75],"texture":"#mesh_atlas"},"east":{"uv":[14.25,11.5,13.25,11.75],"texture":"#mesh_atlas"}}},{"from":[-0.75,7,2.75],"to":[2.4,7.7,3.1],"faces":{"down":{"uv":[11.25,13.25,13.5,13.5],"texture":"#mesh_atlas"},"up":{"uv":[13.5,13.5,15.75,13.25],"texture":"#mesh_atlas"},"north":{"uv":[15.25,15,13,15.5],"texture":"#mesh_atlas"},"west":{"uv":[4.75,8.5,5,9],"texture":"#mesh_atlas"},"east":{"uv":[5,9,4.75,9.5],"texture":"#mesh_atlas"}}},{"from":[-0.75,7,14.3],"to":[2.4,7.7,14.65],"faces":{"down":{"uv":[11.25,13,13.5,13.25],"texture":"#mesh_atlas"},"up":{"uv":[13.5,12.25,15.75,12],"texture":"#mesh_atlas"},"south":{"uv":[13,14,15.25,14.5],"texture":"#mesh_atlas"},"west":{"uv":[4.5,1,4.75,1.5],"texture":"#mesh_atlas"},"east":{"uv":[4.5,0,4.25,0.5],"texture":"#mesh_atlas"}}},{"from":[2.4,7,2.4],"to":[13.6,7.35,2.75],"faces":{"down":{"uv":[1,9.75,9,10],"texture":"#mesh_atlas"},"up":{"uv":[1,9.75,9,9.5],"texture":"#mesh_atlas"},"north":{"uv":[9,10.75,1,11],"texture":"#mesh_atlas"},"west":{"uv":[15.75,13.25,16,13.5],"texture":"#mesh_atlas"},"east":{"uv":[14,11,13.75,11.25],"texture":"#mesh_atlas"}}},{"from":[2.4,7,14.65],"to":[13.6,7.35,15],"faces":{"down":{"uv":[1,10,9,10.25],"texture":"#mesh_atlas"},"up":{"uv":[1,10.5,9,10.25],"texture":"#mesh_atlas"},"south":{"uv":[1,10.5,9,10.75],"texture":"#mesh_atlas"},"west":{"uv":[12.5,11,12.75,11.25],"texture":"#mesh_atlas"},"east":{"uv":[13.75,11,13.5,11.25],"texture":"#mesh_atlas"}}},{"from":[2.4,7.35,2.75],"to":[16.75,7.7,3.1],"faces":{"down":{"uv":[1,13.25,11.25,13.5],"texture":"#mesh_atlas"},"up":{"uv":[1,13.25,11.25,13],"texture":"#mesh_atlas"},"north":{"uv":[11.25,12.5,1,12.75],"texture":"#mesh_atlas"},"east":{"uv":[16,12.75,15.75,13],"texture":"#mesh_atlas"}}},{"from":[2.4,7.35,14.3],"to":[16.75,7.7,14.65],"faces":{"down":{"uv":[1,12,11.25,12.25],"texture":"#mesh_atlas"},"up":{"uv":[1,12.5,11.25,12.25],"texture":"#mesh_atlas"},"south":{"uv":[1,11.5,11.25,11.75],"texture":"#mesh_atlas"},"east":{"uv":[16,11.75,15.75,12],"texture":"#mesh_atlas"}}},{"from":[13.6,7,2.75],"to":[16.75,7.35,3.1],"faces":{"down":{"uv":[11.25,12.25,13.5,12.5],"texture":"#mesh_atlas"},"north":{"uv":[15.75,12.25,13.5,12.5],"texture":"#mesh_atlas"},"east":{"uv":[16,11.5,15.75,11.75],"texture":"#mesh_atlas"}}},{"from":[13.6,7,14.3],"to":[16.75,7.35,14.65],"faces":{"down":{"uv":[13.5,12.5,15.75,12.75],"texture":"#mesh_atlas"},"south":{"uv":[13.5,12.75,15.75,13],"texture":"#mesh_atlas"},"east":{"uv":[13.5,11,13.25,11.25],"texture":"#mesh_atlas"}}},{"from":[16.75,7,3.1],"to":[18.15,7.7,3.45],"faces":{"down":{"uv":[9,11.25,10,11.5],"texture":"#mesh_atlas"},"up":{"uv":[10,11.5,11,11.25],"texture":"#mesh_atlas"},"north":{"uv":[4,7.5,3,8],"texture":"#mesh_atlas"},"east":{"uv":[5,1.5,4.75,2],"texture":"#mesh_atlas"}}},{"from":[16.75,7,13.95],"to":[18.15,7.7,14.3],"faces":{"down":{"uv":[11,11.25,12,11.5],"texture":"#mesh_atlas"},"up":{"uv":[12,11.5,13,11.25],"texture":"#mesh_atlas"},"south":{"uv":[3,2.5,4,3],"texture":"#mesh_atlas"},"east":{"uv":[4.75,2.5,4.5,3],"texture":"#mesh_atlas"}}},{"from":[17.1,10.5,8],"to":[18.5,10.85,9.4],"faces":{"up":{"uv":[2,5.25,3,4.25],"texture":"#mesh_atlas"},"north":{"uv":[14,11.25,13,11.5],"texture":"#mesh_atlas"},"south":{"uv":[14,11.25,15,11.5],"texture":"#mesh_atlas"},"east":{"uv":[10,11,9,11.25],"texture":"#mesh_atlas"}}},{"from":[18.15,0,8],"to":[18.5,0.35,9.4],"faces":{"down":{"uv":[15.25,14,15.5,15],"texture":"#mesh_atlas"},"north":{"uv":[16,12.25,15.75,12.5],"texture":"#mesh_atlas"},"south":{"uv":[15.75,12,16,12.25],"texture":"#mesh_atlas"},"east":{"uv":[12,11,11,11.25],"texture":"#mesh_atlas"}}},{"from":[18.15,7,3.45],"to":[18.5,7.7,3.8],"faces":{"down":{"uv":[14.5,11,14.75,11.25],"texture":"#mesh_atlas"},"up":{"uv":[14.25,11.25,14.5,11],"texture":"#mesh_atlas"},"north":{"uv":[5,5.5,4.75,6],"texture":"#mesh_atlas"},"east":{"uv":[5,4,4.75,4.5],"texture":"#mesh_atlas"}}},{"from":[18.15,7,13.6],"to":[18.5,7.7,13.95],"faces":{"down":{"uv":[12.25,11,12.5,11.25],"texture":"#mesh_atlas"},"up":{"uv":[12,11.25,12.25,11],"texture":"#mesh_atlas"},"south":{"uv":[4.75,3,5,3.5],"texture":"#mesh_atlas"},"east":{"uv":[5,2,4.75,2.5],"texture":"#mesh_atlas"}}},{"from":[18.5,0.35,8],"to":[18.85,1.05,9.4],"faces":{"down":{"uv":[15.5,14,15.75,15],"texture":"#mesh_atlas"},"north":{"uv":[5,1,4.75,1.5],"texture":"#mesh_atlas"},"south":{"uv":[4.75,0.5,5,1],"texture":"#mesh_atlas"},"east":{"uv":[4,4.5,3,5],"texture":"#mesh_atlas"}}},{"from":[18.5,9.45,8],"to":[18.85,10.5,9.4],"faces":{"up":{"uv":[4,3.5,4.25,2.5],"texture":"#mesh_atlas"},"north":{"uv":[3.5,0,3.25,0.75],"texture":"#mesh_atlas"},"south":{"uv":[3,0,3.25,0.75],"texture":"#mesh_atlas"},"east":{"uv":[2,0,1,0.75],"texture":"#mesh_atlas"}}},{"from":[18.85,1.05,8],"to":[19.2,2.8,9.4],"faces":{"down":{"uv":[4,1.5,4.25,2.5],"texture":"#mesh_atlas"},"north":{"uv":[3.5,0.75,3.25,2],"texture":"#mesh_atlas"},"south":{"uv":[3.5,0.75,3.75,2],"texture":"#mesh_atlas"},"east":{"uv":[2,3.25,1,4.5],"texture":"#mesh_atlas"}}},{"from":[18.85,7.7,8],"to":[19.2,9.45,9.4],"faces":{"up":{"uv":[4.25,6.5,4.5,5.5],"texture":"#mesh_atlas"},"north":{"uv":[4.25,8.25,4,9.5],"texture":"#mesh_atlas"},"south":{"uv":[4,4.5,4.25,5.75],"texture":"#mesh_atlas"},"east":{"uv":[2,7,1,8.25],"texture":"#mesh_atlas"}}},{"from":[19.2,2.8,8],"to":[19.55,7.7,9.4],"faces":{"down":{"uv":[4.25,0.5,4.5,1.5],"texture":"#mesh_atlas"},"up":{"uv":[4.5,9.5,4.75,8.5],"texture":"#mesh_atlas"},"north":{"uv":[3,0.75,2.75,4.25],"texture":"#mesh_atlas"},"south":{"uv":[2.5,0.75,2.75,4.25],"texture":"#mesh_atlas"},"east":{"uv":[1,3.5,0,7],"texture":"#mesh_atlas"}}},{"from":[-1.1,10.85,8],"to":[17.1,11.2,9.4],"faces":{"up":{"uv":[0,16,13,15],"texture":"#mesh_atlas"},"north":{"uv":[14,13.5,1,13.75],"texture":"#mesh_atlas"},"south":{"uv":[1,13.75,14,14],"texture":"#mesh_atlas"},"west":{"uv":[14.25,11.5,15.25,11.75],"texture":"#mesh_atlas"},"east":{"uv":[14.25,11.5,13.25,11.75],"texture":"#mesh_atlas"}}}]}