{"__comment":"Designed_by_Ignitingice_with_BDcraft_Cubik_PRO_0.96_Beta_-_http://bdcraft.net","textures":{"particle":"block/terracotta","texture":"block/terracotta","box_top":"block/box_top"},"elements":[{"__comment":"Box","from":[0,0,0],"to":[16,16,16],"faces":{"down":{"uv":[12,12.5,9,9.5],"texture":"#box_top"},"up":{"uv":[0,0,16,16],"texture":"#box_top"},"north":{"uv":[0,0,16,16],"texture":"#texture"},"south":{"uv":[0,0,16,16],"texture":"#texture"},"west":{"uv":[0,0,16,16],"texture":"#texture"},"east":{"uv":[0,0,16,16],"texture":"#texture"}}}],"display":{"thirdperson_righthand":{"rotation":[75,45,0],"translation":[0,2.5,0],"scale":[0.375,0.375,0.375]},"thirdperson_lefthand":{"rotation":[75,45,0],"translation":[0,2.5,0],"scale":[0.375,0.375,0.375]},"ground":{"rotation":[0,0,0],"translation":[0,3,0],"scale":[0.25,0.25,0.25]},"fixed":{"rotation":[0,22.5,0],"translation":[0,-8,-14],"scale":[1,1,1]},"firstperson_righthand":{"rotation":[0,45,0],"translation":[0,0,0],"scale":[0.4,0.4,0.4]},"firstperson_lefthand":{"rotation":[0,225,0],"translation":[0,0,0],"scale":[0.4,0.4,0.4]},"gui":{"rotation":[30,225,0],"translation":[0,0,0],"scale":[0.625,0.625,0.625]}}}