{"__comment":"Designed by Ignitingice with BDcraft Cubik PRO 0.96 Beta - http://bdcraft.net","ambientocclusion":false,"textures":{"particle":"blocks/wool_colored_black","texture":"blocks/wool_colored_black"},"elements":[{"from":[7,0,0],"to":[9,2,16],"shade":false,"faces":{"down":{"uv":[7,0,9,16],"texture":"#texture"},"up":{"uv":[7,0,9,16],"texture":"#texture"},"north":{"uv":[7,14,9,16],"texture":"#texture"},"south":{"uv":[7,14,9,16],"texture":"#texture"},"west":{"uv":[0,14,16,16],"texture":"#texture"},"east":{"uv":[0,14,16,16],"texture":"#texture"}}},{"from":[9,0,7],"to":[16,2,9],"shade":false,"faces":{"down":{"uv":[9,7,16,9],"texture":"#texture"},"up":{"uv":[9,7,16,9],"texture":"#texture"},"north":{"uv":[0,14,7,16],"texture":"#texture"},"south":{"uv":[9,14,16,16],"texture":"#texture"},"east":{"uv":[7,14,9,16],"texture":"#texture"}}},{"from":[0,0,7],"to":[7,2,9],"shade":false,"faces":{"down":{"uv":[0,7,7,9],"texture":"#texture"},"up":{"uv":[0,7,7,9],"texture":"#texture"},"north":{"uv":[9,14,16,16],"texture":"#texture"},"south":{"uv":[0,14,7,16],"texture":"#texture"},"west":{"uv":[7,14,9,16],"texture":"#texture"}}}]}