{"__comment":"Designed by Ignitingice with BDcraft Cubik PRO 0.96 Beta - http://bdcraft.net","ambientocclusion":false,"textures":{"particle":"blocks/wool_colored_black","texture":"blocks/wool_colored_black"},"elements":[{"from":[7,-0.01,0.4],"to":[9,2.01,12.55],"rotation":{"origin":[7,-0.01,0.4],"axis":"y","angle":45},"shade":false,"faces":{"down":{"uv":[7,3.45,9,15.6],"texture":"#texture"},"up":{"uv":[7,0.3999996,9,12.55],"texture":"#texture"},"north":{"uv":[7,13.99,9,16],"texture":"#texture"},"south":{"uv":[7,13.99,9,16],"texture":"#texture"},"west":{"uv":[0.4,13.99,12.55,16],"texture":"#texture"},"east":{"uv":[3.449999,13.99,15.6,16],"texture":"#texture"}}},{"from":[7,0,0],"to":[9,2,0.4],"shade":false,"faces":{"down":{"uv":[7,15.6,9,16],"texture":"#texture"},"up":{"uv":[7,0,9,0.3999996],"texture":"#texture"},"north":{"uv":[7,14,9,16],"texture":"#texture"},"south":{"uv":[7,14,9,16],"texture":"#texture"},"west":{"uv":[0,14,0.4,16],"texture":"#texture"},"east":{"uv":[15.6,14,16,16],"texture":"#texture"}}},{"from":[15.6,0,7],"to":[16,2,9],"shade":false,"faces":{"down":{"uv":[15.6,7,16,9],"texture":"#texture"},"up":{"uv":[15.6,7,16,9],"texture":"#texture"},"north":{"uv":[0,14,0.3999996,16],"texture":"#texture"},"south":{"uv":[15.6,14,16,16],"texture":"#texture"},"west":{"uv":[7,14,9,16],"texture":"#texture"},"east":{"uv":[7,14,9,16],"texture":"#texture"}}}]}