{
	"ambientocclusion": false,
	"textures": {
		"particle": "guns/brown1",
		"cross": "blocks/vine_cattail"
	},
	"elements": [ 	 
		{
			"from": [ 0.8, -16, 8 ],
			"to": [ 15.2, -8, 8.001 ],
			"rotation": { "origin": [ 8, 8, 8 ], "axis": "y", "angle": 45, "rescale": true },
			"shade": false,
			"faces": {
				"north": { "uv": [ 8, 8, 16, 12 ], "texture": "#cross" },
				"south": { "uv": [ 8, 8, 16, 12 ], "texture": "#cross" }
			}
		},
		{
			"from": [ 8, -16, 0.8 ],
			"to": [ 8.001, -8, 15.2 ],
			"rotation": { "origin": [ 8, 8, 8 ], "axis": "y", "angle": 45, "rescale": true },
			"shade": false,
			"faces": {
				"west": { "uv": [ 8, 8, 16, 12 ], "texture": "#cross" },
				"east": { "uv": [ 8, 8, 16, 12 ], "texture": "#cross" }
			}
		},
		{
			"from": [ 0.8, -8, 8 ],
			"to": [ 15.2, 24, 8.001 ],
			"rotation": { "origin": [ 8, 0, 8 ], "axis": "y", "angle": 45, "rescale": true },
			"shade": false,
			"faces": {
				"north": { "uv": [ 0, 0, 8, 16 ], "texture": "#cross" },
				"south": { "uv": [ 0, 0, 8, 16 ], "texture": "#cross" }
			}
		},
		{
			"from": [ 8, -8, 0.8 ],
			"to": [ 8.001, 24, 15.2 ],
			"rotation": { "origin": [ 8, 0, 8 ], "axis": "y", "angle": 45, "rescale": true },
			"shade": false,
			"faces": {
				"west": { "uv": [ 0, 0, 8, 16 ], "texture": "#cross" },
				"east": { "uv": [ 0, 0, 8, 16 ], "texture": "#cross" }
			}
		}
	]
}